"(Node1612*, Node77*)"
""
""
""
""
""
""
""
""
""
""
""
""
""
""
""
""
""
6.100793504390681
6.349917022076997
5.889826220075415
5.978709872824325
5.510432288065282
5.158626831953885
4.98242552801457
4.678466516183419
4.430853353044296
3.955156319566571
3.99573704502138
3.8220395850549482
3.5292852048809475
4.064423696231584
4.091949608731874
4.047759591405153
3.360768384360369
3.704670409947281
3.8062031424782052
3.8463259737796527
3.8576712963260826
4.035519617757404
4.386481667212408
4.739834825850545
4.808566154290831
4.9525263724308575
5.283004042673429
5.41276048527631
4.808239575145478
4.460004712126646
3.865234554877784
4.106911511500177
4.236254129822794
4.543512853929507
4.826671885266525
4.997389531482158
5.300186391414393
5.4826627832734
5.795685565935387
5.898204748077185
6.214607126709872
6.515470484216098
6.800064199135546
6.432185180806882
6.254143243919249
6.220825293921966
5.83852988423992
5.31844376025112
5.031432558437937
4.56894650447335
3.951727560767913
3.3940379438830344
3.6136571266765576
3.2446444553318283
2.606744168109754
2.1014495258915438
1.5354883916055488
1.0993621901567945
0.48802579756648723
-0.014356288266099478
0.16155347209834856
0.09010699590618021
0.02122340623790982
0.09638686514629927
0.15856166528242888
0.16143353972605354
0.17043066138155527
0.16075168322775396
0.07834275152499358
0.07673643650770486
0.09595454406763537
0.09687087058908965
0.10358199186885457
0.1006397263926794
0.10543156636448656
0.11232456920467745
0.11521340699337931
0.1269555374159888
0.13404714591425435
0.2948167254210215
0.29852764711564844
0.5319130368580114
0.8838540487627392
1.09798140847571
1.1314868799702964
1.4616887802390361
1.7587835013914033
1.9924550650810602
2.2682200633071554
2.587881688703788
2.5613587443292176
2.7427145458413706
3.1181573403972065
3.3257677445412566
3.6163479846719544
4.002965009597199
4.004037345645754
3.9898087277682213
4.171620628534147
4.530803194842521
4.707844719240966
4.703585356842916
4.777827577056944
4.871024462734957
5.00153796757638
5.1231586033195375
5.122736011477067
5.201207262492944
5.496537722435372
5.61855130683712
5.872901646115311
6.053076380776908
6.165851179533997
6.513901399734161
6.513815071951441
6.3231568118216535
6.440011751291384
6.084600252318546
5.491887080052557
5.30870206785823
5.500120030705422
4.981707666918269
4.541943150148545
4.262537108368004
3.875420535679227
3.2576688488016985
3.4984390057218127
3.0567885685499716
2.6576608419753107
2.465052332785314
2.0851571164957488
1.438390459800325
1.8434568472437989
2.204639634248937
2.3564105413326915
2.1100659516074134
2.297959900754985
2.5791995414981876
2.9508610692677455
3.0379241232684144
3.022935063532627
3.049976151274387
3.29240233185383
3.4708397627464596
3.022611523033811
3.363283876351602
3.4122882139890613
3.208487247797313
3.2642081716749836
2.964124042525697
3.2424004581487336
3.2856294252729885
3.361680252215499
3.445323049843185
3.643038650047143
3.641731379581777
3.7893027435364632
4.168310690154736
4.555931204242482
4.635211912406054
4.723841288600828
5.086403679556482
5.1028037201214325
5.277607569101148
5.410819996062909
5.345921932235351
5.325029102662265
5.505139279559383
5.21404042880578
5.074905003516792
4.552762071128742
4.117502307137607
3.578043621845662
3.609511030292721
3.1412391252196605
3.154303068854727
3.227870524696745
3.2630818902202794
3.3126761402041214
3.1385480571855546
3.399666284453341
2.8060332581280796
2.2356586164273193
2.4872614303347587
2.5431443640311704
2.250402971174678
2.3053993250470435
2.405032096806604
2.4063814298638704
2.442474506432479
2.274931010399237
1.989481881324341
1.4545059947190724
0.8767792983917705
0.2755652344303126
0.312455037421887
0.3313627676003477
-0.21507223474789883
-0.037198405418578454
-0.19239254865273828
-0.32849509708659097
-0.12505119176519197
0.09873525104982038
0.21825307089597257
0.22100904423929782
0.2253745269825721
0.22595886921528657
0.23728381645491298
0.24088412227877665
0.2431361620337269
0.22003038554400303
0.24698091800066765
0.2597502860888943
0.2548616427189905
0.221641686931338
0.22545178403681665
0.22960909949845387
0.30767790599130695
0.3200178726427546
0.326538229732074
0.29750196172157833
0.3272397487044849
0.29912532865484887
0.12476568287087182
0.15150604478823565
0.12922913887745924
0.0795836173218205
0.09273021677524605
0.0003995511668621098
-0.022396733716463797
-0.014688550417694152
-0.01471617816350352
-0.017664367351710474
-0.0013384112327392893
-0.014072396244581925
-0.00791244883476418
-0.024347831205365933
-0.004983647415992009
-0.020103665423970848
-0.0028591571616823556
-3.689523326510429e-13
-2.6538138040997306e-13
-2.761867325279219e-13
-2.806118681340618e-13
-1.7666334349983993e-13
-1.0915099659334909e-13
-7.444705837632328e-14
-1.60400107603458e-13
-2.705330688587633e-13
-3.447407482336855e-13
-2.998595630482464e-13
-1.9723179880126013e-13
-3.0653473741015227e-13
-3.3103545599629923e-13
-3.017924442903826e-13
-3.116716817208895e-13
-3.196085888964092e-13
-3.267333183706578e-13
-3.603969906224115e-13
-3.3252845716247217e-13
-3.0222333440411304e-13
-2.956021572313983e-13
-3.37104788848955e-13
-3.5527832322079147e-13
-3.6250577464524576e-13
-3.7014837513186383e-13
-0.04952599189247216
-0.13977135515673467
0.14102500255013498
0.04254069370884369
0.043790010875965096
0.06997498966131253
0.06280212103358476
0.07054302718989769
0.10529895677043974
0.17999264249791333
0.1462235855065859
0.14611396338778973
0.167616705012658
0.19704340189835834
0.2123383144015612
0.21751971225345446
0.29441774272920257
0.28812303171624415
0.2914796649207735
0.29312287728551323
0.24936505640459483
0.25355776562926446
0.2646569685064981
0.2690277023859743
0.27345740216998854
0.2658514786860332
0.3290936114517078
0.3453461566530318
0.3243522584890994
0.3916006517491078
0.4104148874975528
0.42969497112641664
0.4269070640686192
0.5775896183543131
0.6796577868853577
0.6013939578196745
0.7063754435646404
0.8929000725885903
0.3216844779441652
0.5219745478346637
0.543055770716838
0.40746602217051375
0.577859504666574
0.5943112707797292
0.6004880434867396
0.5015589143354489
0.627268755968645
0.6502781237730114
0.6002090728691871
0.46995031546234994
0.354738683996689
0.6116569930129763
0.6698885576920623
0.6900058472020515
0.8032942344565859
0.9225371259120408
1.077111861627646
1.404122190469336
1.44447584451692
1.7473975613691801
2.0909045304178955
2.313678158064219
2.151017163806435
2.504125887803909
2.6419308387792446
2.5772953949903057
2.612711049298779
2.873861920611647
3.1314035051947577
2.819547929553346
2.9238274301790312
3.4046609589847425
3.7524896898491904
3.8842698579455956
3.9960774713675873
4.302270691053792
4.560489496447935
4.747971538189407
4.467461844754146
4.4704368677407675
4.430073215138123
4.548792420265366
4.784656690805631
5.141441013787974
5.38706693538622
5.695583337406439
6.220390630757214
6.162270947264916
6.229076386991359
6.530796905236244
6.711004325974389
6.884571434636118
6.858878877992512
6.606775026852803
6.699679545771095
6.310068399223611
5.7870103237520985
5.739529877203047
6.351137636394823
6.085988131934012
6.326877058108897
6.511060768626643
6.696918577121581
6.290682200702063
6.063722414462021
6.574218767001334
6.427566643393347
6.217239854026311
5.940773031555875
6.137112697419738
6.1924217158104575
5.8397029952112245
5.481671278497928
5.788475969280956
5.9496014182777035
6.456743402873941
6.800683548588775
6.612948503638614
6.503565163395906
6.107187844770403
5.982310380816906
5.9945498178565595
5.8629313190124845
5.37218549394674
4.736453702291845
4.868221929815622
4.661378272034045
4.475010581407667
4.883998377150298
4.6714173158179495
5.051420936870006
5.321499533816187
5.79484803433964
5.537105164529039
5.140072918401308
4.924446101748078
4.704038253917819
4.589786395118843
4.456936841483401
5.037453163622155
5.137204057034401
5.038168590087836
4.967567110821507
5.039897619892253
5.1901898127488755
4.883447847930123
5.37836395524292
5.638943140737271
6.13813115494972
6.486129240646313
6.745289279634851
6.2300455301482325
5.880974922291995
6.350970913929059
5.912731855693547
5.940314836353203
6.131290953772722
6.238259260138288
5.856431792914435
6.113166194890158
6.656360726104142
6.435317282166366
6.073407677535108
6.034351489964788
6.116484452474657
5.816141821939672
5.290074272007315
4.889660756158082
4.593887721997191
5.197496017478945
5.382382382421806
5.254524158317669
5.664736751091881
6.267648525782137
6.835706308053816
6.510415163514576
6.903232608048251
6.7740622917560875
6.410506733121114
6.307513824063385
5.820661947796463
6.464196945421693
6.286894752064182
6.538123757808998
6.18342768708521
5.9196754457598795
6.151180650618997
6.526276933370682
6.59585610206206
6.738489171698085
7.373486610144567
7.851640487466553
8.045747807487256
8.380997381094879
8.919253869301038
8.383173907386753
7.812156951588263
7.320954903214058
7.661258656375455
7.408588161678362
7.340737027749221
7.626914287600229
7.793665239030348
8.13121376484959
7.798795403575271
7.471467587381865
7.291087316406889
6.872546045109398
6.432255592797998
5.894056707758519
5.814977538793731
5.688381843447418
5.601731856756819
5.421336424395462
6.0071427124071155
5.664800397266624
5.679707158915494
5.096712320566774
4.486378682406717
4.331318669730043
4.438620433832445
4.338123552540188
4.564717520107884
4.1820454631991595
4.429212324640481
3.712938297250129
3.2216475984516193
2.7204508008365007
2.80666416790356
3.0100915533080292
2.632964043723297
2.683008579477376
2.7800055963189614
2.8715554609795855
2.8474943607274144
2.6964916775670007
2.2211213969759114
2.2880476904367364
2.3498661203891933
2.2423741623899307
2.3009165147032955
1.914253031724964
1.317855171946856
1.5467484848514366
1.3262080012569368
1.577484123115947
1.0251193717311742
0.6421154550318864
-0.0345417004469104
-0.29117330917042833
-0.862672770521179
-0.8734209836709796
-0.7509654194090403
-0.6007811768113146
-0.37274877272715
0.03963270960006112
0.15590824663240765
0.3083627765907505
0.3697659040298659
0.45105606677313664
0.7028315172856301
1.1892071865622957
1.117541463568741
0.9524211303984237
0.801817469994654
0.6689607093891964
0.7937490138638711
0.8540140760799042
0.928934079967862
0.9732488532662169
1.1745562186382548
1.4078081214664144
1.339569518504163
1.5004549086053813
1.5906219017216463
1.3558211849146895
1.3846149661468283
1.3284370449264573
1.3768179053357323
1.3400490453832494
1.337746689148646
1.0582036891066144
1.11285830651948
1.0089254847145577
1.034848285075026
1.1703287492677
1.101386340926302
1.1191790274756723
1.3071982028149816
1.2800088023419955
1.3141761430561374
0.7766037033059114
0.6979657491062217
0.5971929921915196
0.5010749419276654
0.7247346204143605
0.2458460155069649
-0.2752925562257667
-0.3197117671461139
-0.1475907527982721
0.04194604357952559
0.007333551526274464
0.10505048933214883
0.11304187263803867
0.11372704021457049
0.0629600450319626
0.034400399097219564
-0.17404772274946545
0.03941047757198734
-0.08793146145962476
-0.2203744380575681
0.06202091611733602
0.056194600515896864
0.11523539840833498
0.060608819998096815
0.005374288175377483
0.009525138472834517
0.013967267430783444
0.01221494170177256
0.05358992277331748
0.08955436001249992
0.30220703154302
0.20925537033382052
0.16070032282617983
0.22112896992356998
0.6251106041511786
0.6430751492614192
0.7320910954443279
0.9525165812416279
1.0973868958172808
1.2621734755525453
1.2927585536530497
1.5496996741888607
1.813108110222823
1.8566278193195735
2.238549292813272
2.2917376237500005
2.6442632689187024
3.007443955978843
3.2034053151979283
3.4076692500726464
3.826740312572247
3.914117519219854
4.127102691987965
4.31449139800168
4.36521208972142
4.76326603814561
4.8999363066298915
5.345323540866341
5.648833207900623
6.118018890293533
6.705255639450074
6.814791043987271
7.1762319101715715
7.668814988724818
8.083177564253457
8.407679833791937
8.493308108506938
9.102617256539263
9.625334142681458
9.687883231066929
9.569415948929061
9.645583620739036
9.813986792632132
10.236096554162552
10.519290677352446
10.630040223717486
10.995061110244269
10.920412746421933
10.856516692969285
11.006874738458505
10.712796013739679
11.011149970274895
10.56736694019105
10.459643930847392
10.472971682723989
10.704902151589135
10.444447338508372
10.978244169652521
11.14685697957242
10.82870207397731
11.294437236075856
11.105350272066179
10.609872276449382
10.274911227423594
10.187997687399953
10.005306189358011
9.426226730841591
9.56778935025935
9.296375638502766
8.670846717032475
8.089567857829692
7.674360725818351
7.3779221493638945
7.047614779198862
6.937196135968182
6.952525143076434
6.364141916166557
5.7535647374390555
6.2389822413381975
5.766459227736955
5.386464872444907
5.406438403056566
5.48513477544043
5.139622489974539
4.92202272717754
5.357668219564991
5.268897716512425
5.310349000532267
5.653183936630031
5.360427863036623
5.265479655269418
5.054344634431744
4.92043866501315
4.23812670110549
4.0085086642869525
4.416808255792388
4.250292483984642
4.209887273798918
4.316429936390144
4.085200450057213
3.4844152162150035
3.3756676743330325
3.7524347164030583
3.985353919395466
4.012927667620618
4.308264841389892
4.48650072987379
4.765948835187902
4.307857984777697
4.535401151825683
4.184340022741814
4.428000162948352
4.646538236907192
4.9647924373501215
4.569717887705935
4.693152161476468
4.353573803379893
3.818447785235083
3.41391972703304
3.8833004035957064
3.8199828264113678
3.697761382130894
3.2954740201058543
3.2517764525395942
2.9396497308672487
2.5755863586423455
2.6903430969760085
2.118807793573418
1.7015124549013907
1.9399632334480796
1.7144469764543495
1.4564638849573335
1.735223321057593
1.683469292665827
1.8216502000517771
2.1238418124618326
2.0706543496042844
2.116625781574394
1.8403737666574886
1.9181367088470682
1.9917410493357641
2.021386805775722
2.1070631734501055
2.2096585375103768
2.298032341531458
2.0467494117182925
2.0037945401215236
2.1406949365100094
2.2434895083676056
2.3940461445039296
2.463127680855405
2.48229356728555
2.543211651264348
2.5706228578381274
2.328479036080199
1.865437203788005
1.8946471953236883
1.2687666851586277
1.4294459585348513
1.1132867910046156
1.201476619260759
1.1378980126141713
1.2255856463888462
1.2650900086077248
1.2679805321692819
1.2623221101993287
1.5278712664732472
1.3728449575626918
0.8901178360073145
1.0762922076277006
0.8834606658904193
0.3290190030617633
0.5196052807033584
0.5218436719313689
0.547539430972444
0.5355713604981797
0.5329393062048018
0.5230571095301033
0.4256258826356679
0.298612359091176
0.282358462330477
0.2643847474188341
0.32457352475506196
0.33018680023941505
0.4275552324959525
0.1148983349042549
0.11079547462293532
-0.03639615396520344
-0.1074299640248481
-0.09567395152687236
-0.10981698571328337
0.022637367883027074
0.030837269726179884
0.2482173558476186
0.327559805234908
0.30206728128157845
0.38031826988130096
0.38245857062765937
0.4058983827785381
0.4053777286661817
0.4353427197255375
0.4573985809511878
-3.079962288763337e-14
-4.0852190507048527e-14
-4.247912728662241e-14
-4.404111253178746e-14
-4.5230103275284663e-14
-4.612609122569503e-14
-4.7121782861338877e-14
-4.845805876399405e-14
-4.905238132647496e-14
-3.164042345041754e-14
-3.1806032197282324e-14
-3.226433186227348e-14
-3.766730331148698e-14
-3.843878054250588e-14
-3.880127947365137e-14
-3.985173641721198e-14
-4.109773579509741e-14
-5.422323340320935e-14
-1.7479704550558852e-13
-1.994056335469796e-13
-1.6439173197152673e-13
-2.9316660607998577e-13
-3.2095316580112744e-13
-3.3659211689283937e-13
-4.4631284674715735e-13
-6.193117696538452e-13
-4.691861004904581e-13
-4.878606868978525e-13
-5.043894807087818e-13
-3.769782913549176e-13
-2.492060158021335e-13
-1.2342362896888265e-13
-8.851611675891777e-14
-1.1019468019536053e-13
-1.4043190102714822e-13
-2.095346153250402e-13
-1.5931059846661374e-13
-3.1994479386577907e-13
-3.4534419939925313e-13
-5.111996445329591e-13
-5.438979271775746e-13
-6.708682329956572e-13
-6.789132889781032e-13
-6.66066106410998e-13
-5.406813140003158e-13
-5.397642502862205e-13
-7.093010283614192e-13
-8.451939596580892e-13
-7.136206900904141e-13
-7.881833613017901e-13
-8.725855885009349e-13
-9.101128134455697e-13
-9.281421085261071e-13
-9.21099484687683e-13
-6.958766786579952e-13
-6.697364601345562e-13
-8.014749137182919e-13
-5.830771176717298e-13
-5.48895969190976e-13
-5.568548343188109e-13
-5.19190835261371e-13
-2.1409622223266434e-13
-3.693340710053981e-13
-3.9245390696213853e-13
-3.935800029537975e-13
-6.791939173616341e-13
-9.690273171393956e-13
-1.2752065925367078e-12
-1.3314155789707869e-12
-1.279954545460857e-12
-1.3984104790267229e-12
-1.405135972579048e-12
-1.6121462180979308e-12
-1.1965660132630423e-12
-1.334288768256591e-12
-1.1960855150035934e-12
-1.1819182794326926e-12
-8.367111034082025e-13
-9.906929709881013e-13
-1.0624804298215952e-12
-1.2962320328791037e-12
-1.3660787474098633e-12
-1.0681314472068795e-12
-8.425284195764008e-13
-1.142189361542713e-12
-1.0428733846366837e-12
-9.356303575037103e-13
-9.015007845772078e-13
-9.237095086370526e-13
-9.713015993049397e-13
-9.776287902487493e-13
-1.0142040625597783e-12
-9.587171544370062e-13
-9.489965984561225e-13
-9.742676266025878e-13
-9.757579881555601e-13
-6.835163197414451e-13
-7.086280723766757e-13
-9.955853985006226e-13
-9.70075136107101e-13
-1.0074154092445785e-12
-1.028330745767409e-12
-1.0678751312490808e-12
-1.1321983669851534e-12
-1.1745300816089634e-12
-1.223124791696306e-12
-9.296672763486871e-13
-7.315468167244655e-13
-4.994554202520544e-13
-8.177477301152005e-13
-5.644189703201528e-13
-2.7075911101551306e-13
-3.3243174434438624e-13
-6.652990263389282e-13
-4.3396089056708283e-13
-4.601880891995775e-13
-6.160175523600795e-13
-5.965773849642839e-13
-6.0924655170486e-13
-6.251764571629172e-13
-6.328191086148975e-13
-6.343071265802425e-13
-6.218208786433397e-13
-6.575634179677081e-13
-6.581912130883263e-13
-6.688529984322584e-13
-7.584812787705778e-13
-6.839310984209207e-13
-5.652433248366023e-13
-6.329561564532724e-13
-6.956773626525267e-13
-6.874984560833177e-13
-7.648596373713276e-13
-0.024877642059302284
-0.025588431832437294
-0.002961726759255966
-0.056391941890994744
-0.07427601161205179
-0.07631147170748778
-0.06916297433558047
-0.16801431404289627
-0.12230957088352601
-0.04896781662563008
-0.13724118363389473
-0.02996199667006308
0.14548591841384936
0.2541183262763245
0.15141675534576843
0.38234628339944543
0.30118885840303955
0.2405162754441661
0.24694915155596014
0.3489676686495005
0.2692288917367045
0.27232800405012436
0.27885111627218506
0.2853742284942432
0.2668630368463648
0.49716019413118157
0.7897841804084766
1.1114573588212378
1.399008065644155
1.5876879123273258
1.674185522952404
1.877304905044042
1.8926330294638902
1.9583716682703993
2.15791067312005
2.422883728736261
2.494667691629227
2.6511779462238496
2.964537571094437
3.288051204871606
3.3080939639900038
3.570028484473253
3.854180381872047
4.133741689158564
4.296634663010259
4.449466008410135
5.021258288772137
5.202403887627004
5.051905132325294
4.890389549772861
5.449347394320514
5.289395848375998
5.696509306359409
5.937673404757972
6.260974726728898
6.493076298210377
6.713907454083185
7.097769768902658
7.567745057837475
7.696665201808914
7.896997770668815
7.698890877201503
7.298130429002543
6.8979722696982
6.525735303442012
6.566351550424544
6.9002828362713124
6.951088562533529
7.124182618362609
7.378828659243659
7.1832251331665
7.221147192440919
7.403404243418372
7.408386093003018
6.984399664349937
6.895630172977205
7.1724418727843515
7.14135265466117
7.151382743905384
7.51188701521194
7.492437921655159
7.49128948389385
7.108056910022671
6.860221309764686
7.138816427721443
7.399240439997962
7.109872422120385
6.869651438119872
6.7671046836510325
6.837651890500575
6.700890124641184
6.13877135021772
6.441188514072233
5.952648532374528
5.27597892141162
5.449804674055163
5.540392647861026
5.313646316469418
5.380567734928634
5.250667732868546
5.407743882884052
5.034553075898882
4.490396167277112
4.169703633961356
4.2908912792077984
3.9526887570628038
4.247044852429855
3.968096529433394
4.0929887500892095
4.021174497766186
3.8809411380209102
3.793807999046243
3.907924113426159
3.8430814527969415
3.2366339772933737
3.134843035397794
2.8253327577126184
2.3808684976782
2.310337520385628
1.9658823346696634
1.6606478976005448
1.9298836876005108
2.2043992730684714
2.5585088372825906
2.864387632682509
3.3486685355555927
3.4613051005017184
3.796806258234346
3.9573523021632933
4.4932273801850675
5.041336872338444
5.294614724071435
5.51620901382607
6.04411772963066
6.273323281402077
6.778439233109708
6.726020350115004
7.173218441017802
7.6536546134803585
7.582695230662556
7.632439258738715
7.847314235981629
7.853583712297336
7.61965657211938
7.7697587687050715
8.220425183839653
8.896326781089186
9.263823317327148
9.741520934349781
9.147156693698138
9.59189583463161
9.499827904242826
9.926882816910815
9.807141913903294
9.777290235477416
9.770114262880575
9.486545432605887
9.200797175534012
9.057708571677113
8.841550755665848
8.811893076914671
8.856162952898426
8.677697162500456
8.875271235895948
9.017120790572523
8.758023932497284
8.813413187374618
8.682169105005974
8.79410185486218
8.828703007557172
8.997194997381722
9.005196026603995
9.402286625420375
9.315742655428645
9.08277576312724
9.46906288916093
9.869116519169632
10.502606809773503
10.378679648570076
9.87995949211312
10.159917187758763
9.688416762577233
9.526117930633545
9.582102884406996
9.247562332759347
9.830314756058907
9.446733605768959
8.828203061359208
8.394416865004505
8.863993426027758
9.336788928291284
9.724737062212926
9.627563746535914
9.802385590445096
9.366665402631126
9.093332578330072
8.789359544631079
8.255982478021165
7.7850158087555785
7.4873791366109765
7.348640388217928
7.3795866871612175
6.760912126476828
6.5841965916715415
6.406432935564961
5.952582771865168
5.450533465538521
4.921731073715619
4.464598585221038
3.874203437720329
3.5845496548325695
3.3146714854130774
3.470404238951226
3.075817975058024
2.8700950031091126
3.0873713703898646
2.942161547282067
3.2100312319689612
2.8765431605282563
2.302328549848599
2.344978974576703
1.9159961464309756
1.8111789803889806
2.13284859313108
2.2626085989773275
1.895723260389429
1.7509414317581489
1.7855591520934408
1.4331490161335216
1.6894478399129018
1.7146812337066621
1.9282022198350715
2.2630504965130807
2.616877788976631
2.473386647878043
2.6518450807113005
3.056812959644453
3.2106564664249353
3.3756075338004807
3.4004357164686985
3.6168144496509536
3.8537785710676715
4.101925124942092
4.311348865413715
4.251219388253852
4.380440845526209
4.403401096853373
4.497205097651552
4.382963280036418
4.368177402320795
4.51757732222134
4.956020756586359
5.072222924238967
4.82847851711759
4.91657903828137
4.789255401608792
4.536249024793091
5.022299103077069
5.4530925476522425
5.650502913837062
5.388358174673515
6.013328090273918
6.303797602205954
5.957034571016077
6.393939974272901
6.385026193434737
6.754060397098707
6.599350034579151
6.171824602463653
6.021605386009983
6.4871358712573075
6.654840386564435
6.407105019208356
6.844870920361954
7.256868056859893
7.500944328712355
7.413735727507237
7.15212212303883
7.10252822444438
7.32839322994491
7.782140780723177
8.068839405616236
8.574342474883599
8.76466699040112
9.234866943879306
9.569795423177553
9.873513570533637
9.681559591126264
10.10000795029886
10.71353235938617
10.476406309162872
11.198911121400702
11.39898628727988
11.156234629032184
11.1373772046748
11.16718564492949
11.36066166313062
11.191694416276738
11.272403654646887
11.39139847946847
10.96950451061515
10.699870594700421
10.493225964082553
10.711253366908961
11.126952778144727
10.867106023273823
10.6104379070327
10.458367681586306
10.042919359741283
9.920298331852063
9.986994683021702
9.866645380859385
10.038352935401406
10.604206491905359
10.514680900246368
10.004274371011688
9.80306812644179
9.459105416657104
9.174524955611275
9.539674894228368
9.424900725560118
9.857727752252325
9.662230088085009
9.420422043202256
9.039108901879803
9.048367900579487
9.144011637002182
8.933970283350247
9.178643841501362
9.694316180134862
9.326921799467877
8.970944661658475
8.756499159396204
8.76837552527886
8.541548815449445
9.143401633469871
9.345649978800571
9.361325728333469
9.740991485572218
9.598124314042412
9.09432672276082
9.0868362477126
9.49717394787813
9.292304899128183
9.8096860960159
9.420657348372329
9.253745744698875
9.55959461436179
9.207677443169997
9.065520184364415
9.101694019351822
9.766648638687576
9.69521881500168
9.608872242323423
9.666148564685866
9.3071830282582
9.123761071614664
9.208767919363789
9.252552415373211
9.389270454557638
9.76728501247428
9.605384817752027
9.291494590714192
8.934367040667736
8.592940786050477
8.066593999391184
8.450658758387483
8.756650453128142
8.278023758018822
7.7756214636927
7.761931168292999
7.666476425749798
7.847664483844951
7.56504551686619
7.087012897448329
6.956345346845575
7.122212910574187
6.6367068683608865
6.20995764951203
5.629495528823687
4.951039239288881
4.962119466467366
4.359416714291063
4.513892163903718
4.429019889214905
4.189321586618562
4.138031702119763
3.5900171222715778
3.2312247368292515
3.4741947454954927
2.839406798324453
3.070698697007381
2.596523707613128
2.0224876343265037
1.3647727442727045
0.6973880156326147
0.7270410033408704
0.5073017928936315
0.12650644384230791
0.2790246762064499
0.3843787043446613
0.38904905153966607
0.31139987554087567
-0.1251655387535814
-0.0734681487172879
0.00820066696280101
0.07091555700481234
-0.43997598284209793
-0.44702399229640827
-0.5305712581966956
-0.5386967219671269
-0.5471182945341637
-0.6437430795519768
-0.5097387818053745
-0.3990609069813631
-0.257789759697207
-0.08857103444852453
-0.08686719945605079
-0.15208024241499946
-0.16264129501857155
-0.16663527934447955
-0.17718228137163916
-0.19550150051284518
-0.17557234198945185
-0.17832854336777215
-0.2122485791224617
-0.10887431738880193
-0.06899927798702285
-0.07638667080188608
-0.12636351841599924
-0.12854330614636147
-0.13072309387672212
-0.13290288160708383
-0.135082669337444
-0.15713869053030807
-0.11760918359351559
0.039547103431309696
-0.06020219648653287
0.00752497220736421
0.003497886590344634
-0.014269000444348201
-0.026055749762787957
0.006081516750115461
-0.019763152208284937
-0.04350515460858311
-0.05190987979580132
0.02656438387115661
0.05226823547605449
0.23399477340107627
0.20513184625323672
0.21011324751796706
0.2150946487826951
0.3699088578937595
0.6055272389588974
0.9603720988302958
0.9459363517450969
1.1947868284545917
1.4661287203651623
1.458395012502678
1.668415155833671
2.043735107610557
2.4549763158944278
2.1923299563660676
2.3867982183155214
2.6848328496047014
3.1175467063331337
3.52957693064776
3.839205957541619
4.259261814924606
4.455943549037951
4.49276772575245
4.8015797243387075
4.924038883245273
5.540928519131985
5.75327830850593
6.222327191441663
6.5333513336561
7.039595989429072
7.354347589709252
7.567749310621013
8.002429810333945
8.075296344035353
8.049894969019567
8.387850760314532
8.890258186401589
9.291407431271207
9.774107810635174
9.913871799450066
9.688099509380866
9.740606324227517
9.691773507112284
10.268709015993316
10.271375230863997
10.114531812776828
10.486160865072648
10.331058903917638
9.776459084204673
9.362820262761353
9.869942420840985
9.890058932204278
9.809884157466925
9.402437865720714
9.11838470056836
8.792401469825439
8.40790609697728
8.324239450503798
8.946658079367259
8.810045955649835
8.587221632521894
8.483602842599081
8.411612507661461
8.206403045746002
8.319139675336412
8.134513865486964
8.064330959660582
8.444219733597006
8.315237216291827
9.006983841567246
9.582069984230325
9.650707823891636
9.494309695899279
9.368662761003955
8.866493824283818
9.202676978049489
9.766566364981122
9.439753909108795
9.183333692475994
8.778651401246128
8.534474174777111
8.818984171284702
8.747608703422904
8.660087943318429
8.941301793667055
9.256062181543504
9.276968403963313
8.940805367758701
8.908587507298224
9.099873835134737
8.791536903309765
8.994795404362929
8.895155913083139
9.091553493573572
8.709677937002882
8.253527175448804
7.7798778070195445
7.221052995050717
6.886990719016561
6.3304983757539794
5.9799399341541175
5.385449932729306
5.044346526013156
4.7083447048415
4.512636913964821
3.979924854677339
3.3568541909896497
2.721623505194569
2.018742482901204
1.7645459255461091
1.9042329282315908
1.92000554305925
1.6296256230946387
1.34261011105769
1.3274553925192347
1.3630731135510725
1.1275611614619232
1.3173091136495683
1.2501902928637005
1.232207289148771
1.1491347960314493
0.8137886824038608
0.5319591808420612
0.35616044721425627
-0.04781844372631774
0.0748071771550656
0.1813105610543902
0.3441609785219613
0.5460790637201999
0.9375494841392724
1.321454841196066
1.226107412049316
1.2207548055721926
1.519178688600825
1.7972505173994826
1.9964695375307053
2.148203928716709
2.360618650200407
2.5410748686747207
2.5979643882602073
2.5575753502067555
2.7225883117340945
3.022996938934996
3.200242981865668
3.5619881467643117
3.611959541822078
3.972260757031757
3.855374807804186
4.02226538609143
4.1412231259918695
4.452225070428975
4.740091162690083
5.117975537364198
5.356239580822759
5.252459360364082
5.586749701878928
5.940363394652699
5.987588212891659
6.415238718436038
6.481507365071215
6.799627968837056
7.0785471753159275
7.268845909279354
7.201306431928346
7.251030074892699
6.9705146721148985
6.323225247376201
6.823631746004622
7.361798932962098
7.261628314843238
7.0501043534728165
7.302535576691107
7.380021403147705
7.54982324249441
7.313206120091484
7.363209690048404
7.703507993135435
7.507748140643094
7.170512606069573
7.400986477924151
7.197986934044278
7.6202045900884015
7.6157314644561716
8.099103988714601
8.418444798156626
8.70943467041058
8.310855517456147
8.237828340854424
7.804049498823694
7.6435961560646035
7.413587398987753
7.470045370405441
7.692268931258146
8.11843632463881
8.049937551696818
8.303189862722345
8.232660230757809
8.285912705173036
8.124373371617464
8.569062405650483
8.366770470420054
8.04445524557751
8.732568602472382
8.882844869868805
8.705347354289694
8.425821059867024
8.603532400552398
8.578776394029664
8.4142140806491
8.085116880740504
8.515923076796398
8.60964191802951
8.339695249634051
9.046526612304122
9.522600270411543
9.299831304678005
9.65128507452985
9.60289241836613
9.507085508775413
9.015048128507377
8.492050406337464
8.247537600212333
8.694094332330467
8.452876688927375
8.574495187346217
8.458258212556402
9.077939511079453
9.41059325543796
9.36024995813792
9.052073390737988
8.896445397602744
9.033505041414767
8.732383784877467
8.42869416065805
8.11853722094054
7.574533826463135
7.214680489035444
7.503532099896936
7.17698277082861
6.690481419049791
6.101816731723245
5.868507089623713
5.2741691984334045
5.102630772238003
5.338820462579143
5.264446391311293
4.850379374657181
5.141560638607694
5.480514399573652
4.981335639206659
4.5500048906709125
4.215960752780383
4.068590178930737
3.687522829183203
3.411457438793455
3.5991146544700015
3.692794141307578
3.7638838630470692
3.6888676117414088
3.781620164518158
4.074004718948611
3.659862708586503
3.4569285530689444
3.3472515586953833
3.227706903405718
3.2072419153246043
3.269390573533949
3.174746135903931
3.4576243418412305
3.6878115423057283
3.9213143297308912
4.159126752838598
4.251535253466926
4.389583990382913
4.010628643124638
4.2150086547043335
4.6736728565794525
4.8407706770646755
4.907517249892453
4.6628941667114105
4.619363749932847
4.516916818794008
4.524765635326377
4.623662464895694
4.312120684676228
4.443957086514745
4.654986335309495
5.100350447181439
5.210753129144884
5.538163112538002
5.757809458119469
5.529625195645072
5.70926061955992
5.845088402722223
6.283404759434727
6.195568474976512
6.23642002038617
6.076204194711634
5.810036138723432
6.372707910277768
6.8861821463707145
7.142852973780103
7.190689815664949
6.8285922022384
6.534896350761069
6.4672800287225725
6.24015695010033
6.037004187245992
6.456151135725605
6.640398880304293
7.093036592742945
7.201839309626565
6.858602052878944
7.19526627640815
7.641141365651418
7.972455163180061
7.867930075535259
7.722400997329817
8.108188982779412
8.337052480905218
8.410170220431615
8.10923457830775
7.553771935087809
7.1710604719779765
7.683420341230423
7.3782704248209665
7.797256038366347
8.258775882093111
8.214163676738133
8.619091990335152
8.30680501082738
8.17059718845629
8.203136349955251
8.340920715040848
8.035381112931185
7.625598828751021
7.237950289820115
7.267318179550127
7.754105101874923
8.017280624465076
8.380951909689934
8.252776674080916
8.404933663876857
8.503385018718292
8.272066563269938
8.305491952259457
7.715456530901191
7.405527991643709
7.25764518643911
6.87726737875299
6.916376879638799
7.256546597893501
7.456318970676432
7.465027285024243
7.36995015883519
7.105785437862832
6.93088565109263
7.325380528901262
7.831353273358075
7.99828546538486
7.693101521415332
7.806199353697653
7.694732913336069
7.725723178969819
8.297017102240781
7.749521055715789
7.705115249466525
8.417201759687162
8.150687035153314
8.125067802927886
8.330247282813186
8.312168877066126
8.501225401688695
8.509993161021544
8.244216065715898
8.020319796520589
8.105314500295451
8.634419183585704
9.295045528842442
9.91755415688365
9.840313499678233
10.433343130507248
10.979329335744197
11.513269970178131
11.807622500845643
12.174032065526623
11.951341664138367
11.631754749159557
12.417222799625616
11.882939691381013
11.912007379211692
11.688877541979771
11.565675977280181
11.54333715301898
11.71302710476904
11.142659070128408
11.078347230361082
11.53080867203811
11.199120032258373
11.022689922743522
10.437072751878404
10.83828945580473
10.466785139965308
10.033673888455727
9.738815044426795
9.360322061307693
8.787731149924499
9.1105197051133
9.275192648636438
9.025849712362204
9.295021040817165
8.961464052151104
8.548055554379609
8.0737800931519
7.710886215630174
7.529361183432342
6.971330040507043
6.494050550095275
6.1550283064519595
5.580255004122365
5.144780879615303
4.554266879701995
4.286937388040814
4.557003209748635
3.9387699168547416
4.170486513323795
3.614873733261627
3.6434141064320964
3.159644676545438
2.7697455671825213
2.445730767472902
2.7620699285018726
2.4365904734693364
2.110683153179529
1.964270496066013
1.3897627363600238
1.6366491898236728
1.667692858086168
1.9228308592103187
1.8364847426195827
1.7970421211633176
1.8460097290656543
1.996534424261913
2.0837109317812414
2.102749716877072
2.030421864390896
2.244127439678827
2.0287743423177798
1.8126934038293432
1.849747202463167
1.4926101152307374
0.9044714375148313
0.9189379213234898
0.750244668483967
0.7455321847805387
0.7445695370662923
0.44184246055364446
0.4385286150214542
0.22133240983319766
0.22529944584317926
0.2548605947378511
0.3300885942140035
0.5276615025531967
0.7095855181620481
0.7145111694860674
0.5193696901419129
0.13028353982869936
-0.003631618673995138
-0.0021941005507725205
0.09772435542107819
0.10957433845193118
0.11434377259521299
0.05461856046804478
0.06788632903294442
0.06000210301612379
0.07055455933769465
0.052538726234793776
0.04866202307277147
0.3113102047373718
0.3782087769060266
0.689758432975128
0.8475809174446385
1.0612589133698807
1.2485528173824727
1.4592778537948534
1.4117627987644452
1.4246644852337615
1.4641732855061187
1.4725554604329063
1.4247259479733685
1.5756547885131935
1.7034508635316479
1.7041478341663507
1.6370254534494326
1.7745850181115697
2.1129625003447856
2.292366936729137
2.5294036615888347
2.5333187613963086
2.525016231977912
2.7788362938733577
3.0254401685631493
3.0733980461349195
3.3769243505909357
3.746503297158695
3.9048951958634333
4.183826758814831
4.186252511557122
4.729816253502003
5.031443112713092
5.359233414194911
5.7513157817124
6.208734558204738
6.684263477574048
6.591338618552219
6.911790015834987
6.671572690330763
6.758421659232089
6.5154541214253765
6.553563783443271
6.288217833768013
6.936797702055139
7.3750015538135685
7.711382654427062
7.825883393758239
8.452641124912416
8.570122483698952
8.733371260073822
8.968231132469578
9.580456770437092
9.85624833450307
9.736124648320853
9.906827047749253
9.980458586806058
10.55515570933985
11.094214336334131
11.187025754906525
11.08333230957489
11.550221760662437
11.277691573289273
10.808082798097361
10.585532455606593
""
""
""
""
""
""
""
""
""
""
""
""
""
""
""
""
""
""
