"(Eukaryota_Opisthokonta_Fungi_Dikarya_Ascomycota_saccharomyceta_Saccharomycotina_Saccharomycetes_Saccharomycetales_Saccharomycetaceae_Saccharomyces_cerevisiae, Node2721*)"
""
""
""
""
""
""
""
""
""
""
""
""
""
""
""
""
""
1.0797170326835828
0.8427599747314609
0.612254502602643
0.49006797458448215
0.2679747750125535
0.27333427051280457
0.27869376601305546
0.3494339011690393
0.4332992277146886
0.49765708706150696
0.5740434306759913
0.6695918800694269
0.8053002557742182
0.8314700488014732
0.9708385675053425
1.022171213480325
1.2319444410334448
1.6047615376349667
1.6470073998555028
1.714446981607513
1.7606765268539704
1.804058831996808
1.9090261832093827
2.1801749866849716
2.293574156736926
2.017879020718274
2.184453184716802
2.233976511772319
2.283499838827837
2.340527987672807
2.3977705174052972
2.5304059720984884
2.812520891635776
2.936798750874866
3.0014765081804207
3.2921454770046275
3.5287226200277373
3.826001500410316
4.041271629431615
4.189260485115764
4.273720260968286
4.365150828803473
4.449809770141214
4.522319367318688
4.6781049353707065
4.844709831278909
4.871704254036041
4.91871153957116
4.915765605129946
5.110332053723882
5.047705970659633
5.14181802316745
5.0496036891308815
4.563612228945583
4.654823456178056
4.857421077593517
4.954336392614538
5.163391796956943
5.195978981410998
4.950341538268418
4.921915157528663
4.9842669886675806
5.06540643486759
5.171793477343731
5.353585173175337
5.5535542488160585
5.756600646793974
6.040743957464305
5.754983667435359
5.901779722988869
6.089778493354171
5.964059165170601
5.809850416488974
5.531377782971277
5.498977135079199
5.61090201783697
5.908604259628098
6.017450208615569
6.20958920256593
6.219443633764003
6.001617290601532
5.850012113609604
5.8373621068251325
5.708238145079722
5.640337779074399
5.571899345538772
5.854079206597319
6.043324436269897
6.0046804472863675
5.899458877663914
6.12074777063145
5.895794910932678
5.979208004390445
5.930386125114018
5.992251290331978
5.867665808417833
5.990564333077132
6.170324378575936
5.89482034319023
6.103037355420964
6.168479997579795
6.128186213871629
6.123837395955837
5.767844334492974
5.823385928025971
5.819890330006385
5.8841801754654615
5.569530883155504
5.641122463176656
5.695527805167953
5.663637462450764
5.615812963234121
5.347337340430792
5.6224747918994975
5.688882782214781
5.549933762404259
5.488155179863232
5.47586120089993
5.703063966107813
5.9401387086279005
5.890545249015352
5.969016859920999
5.502934918385041
5.397000364193956
5.1108638982081
5.316494027952235
5.183158097214466
5.5132423576640495
5.627671520140352
5.632478803804398
5.578899445620843
5.697186910755235
5.863940732720984
5.582125341395079
5.7550197256485935
5.745531419597481
5.796287203261681
5.937641747208906
6.007194263626471
5.776283011528564
5.73513525605211
5.547703971619367
5.547754729717476
5.673870600322289
5.635551486121774
5.588505635744707
5.483504394202174
5.457438925770248
5.6193145645949665
5.574981046353554
5.530158726781665
5.606716072066459
5.678136679000286
5.562593378505885
5.472835517433895
5.3815456939523765
5.461590649641748
5.592754051124126
5.483783845636391
5.273508949205251
5.409776732004928
5.2756580034171945
5.425409788215004
5.181125259514628
5.37773614710538
5.533815331775581
5.743722824970454
5.906456563927234
5.927992821571961
5.891316752704476
5.664662570660007
5.660770122864805
5.5072263687396985
5.297228731965031
5.104356102522593
5.127310011054128
5.295487105401642
5.132908244038571
5.184845405227139
5.361059469893965
5.382251612783417
5.4880415744189825
5.582219464178726
5.524822144655389
5.506203986639858
5.227605002474545
5.393533105238607
5.507728636461569
5.546767192676774
5.721846797238045
5.729253798257249
6.207453136602495
6.112180754808955
5.934661277614318
5.99707820578555
6.120252156455019
6.01537948668265
6.230133403891291
6.224260326912065
6.222900248372597
6.186618628343797
6.001540936137928
5.984440913468571
6.036300346986473
5.842455676098021
6.016739289262841
5.892061279789317
5.877691614531537
5.863294857686971
5.960663955846129
5.972814522097496
5.747484970097314
5.740871806659623
5.69347312884563
5.330658378904276
5.148857745122631
5.197177937086631
5.361308838482464
5.2156860409389765
5.178387723556378
5.264165610660653
5.21892256095507
4.858345832301446
4.834673142825334
4.624554339935256
4.658623617797341
4.608364345860106
3.6076935074974896
3.5423489771226233
3.4385946768279516
3.6127606606713334
3.6000005382948914
3.5029286746572974
3.335810773758349
3.3809215008729483
3.1865809204907034
3.0876434643014794
2.982216270457971
2.803610556292652
2.5093243429808414
2.539197008094846
2.4307428961459543
2.5788718708195653
2.6092636808765626
2.6005831427116797
2.4137198509918356
2.3125854445738336
2.4087009981867755
2.409177016881541
2.445787894520242
2.4964530240429936
2.2176886086834173
2.185463692086327
2.062163171400531
2.1042527847901344
2.146342398179738
2.173207912823394
2.234987535968636
2.3357212034784443
2.4046175286354665
2.3839383856450254
2.1935989044189843
2.2444621736800374
2.3018225493189624
2.433904784399272
2.5468540398632133
2.3819106720089405
2.3826953833641955
2.3758537236200636
2.506570074747171
2.571710498084283
2.9668495798109302
3.1062534943817464
3.2518323567684573
3.4862069719012485
3.7254132854578
3.8738596732881407
3.9645834469915324
3.8804758018271674
3.5696221708318543
3.375067002937439
3.437477219320405
3.7221829822169967
3.66992453083041
3.6409954580017505
4.05105775405441
4.356314909923727
4.455217463455
4.428852374652731
4.604881863328807
4.708083254126055
4.924487796602928
5.149279999145972
5.096369613747024
5.068428828308114
5.187302441531535
5.270404242203739
5.423998910328006
5.681107631664244
5.537754988194858
5.4799093836396064
5.595954355840831
5.753961702026212
5.8655338711194975
5.751928153814153
5.804559175595009
5.886095212224745
5.408553280443218
5.463164330364935
5.566223085279488
5.331196408525106
5.1662871987106795
5.192711252041949
5.366999198329231
5.4130258871648325
5.467893918810484
5.452732693200477
5.659908995888575
5.412611444815193
5.619918207453959
5.666016593757106
5.071619256935307
4.699718515496476
4.5430039509096165
4.170812052100362
4.080901480180215
4.1411581451124695
3.97199467953646
3.7893572801202855
3.970129168067964
4.258757347448682
3.956118173511006
3.7979437465337473
3.848291378023307
3.7162392745943844
4.183773751314556
4.064556705309732
3.8643142208278087
3.82385246125025
3.645861990407612
3.8638451147881803
3.8409025602182227
4.0258695817031125
3.9447828266028546
3.8433286575736685
3.900767284746253
3.9743346093706755
3.9590027923417233
3.873166938746457
3.504240959291562
3.3879203635784276
3.3423918595687105
3.1835057015659207
3.1887765034044353
3.0845060676719047
2.989007305185715
3.1577377839015868
3.221656978309489
3.2855761727173896
3.349495367125291
3.4134145615331932
3.477333755941094
3.541252950348996
3.76821956693426
3.8484782016919006
3.6178155867609685
3.412774707257718
3.558279749330018
3.7061594698106477
3.768009136755203
3.5689790701287594
3.6925838364933044
3.737117056499139
3.7651885764773088
3.616375480176454
3.704775647113765
3.5198104103363574
3.3105935569778566
3.1288543963022932
3.038286349851235
2.995929521931337
2.3995945470154054
2.5638218851720174
2.485535093613094
2.6555950986109944
3.235530395983516
3.2094780248542056
3.1037171470066807
3.2736056416170767
3.1824411586685106
3.222500550799109
3.283957916610058
3.24614687455403
3.482714720674438
3.5839925897488354
4.001445843238253
4.220965668239718
4.3627606518672515
4.5278246970408995
4.424264198641228
4.615880887079137
5.008451310473401
4.897214711728448
4.808289059629827
4.894155845295744
4.543879287795008
4.73525246772059
4.7037798129260535
4.590287233794206
4.800423385901916
4.8531213108357845
4.908054248092285
5.180814527179571
5.421022364914682
5.6490435160570325
5.8737395388009865
5.968857066089092
6.06471773710925
5.989193034658998
6.623356630917373
6.637935615804595
6.388954950704701
6.574038724371758
6.621674203437153
6.492404218717075
6.381291403895866
6.370443191644525
6.2820800097562834
6.173614779308423
5.952795718553991
6.070017687109632
5.603672474760673
5.661725237635464
5.658219880987967
5.609126219033339
5.436252192226549
5.282042385592153
4.99818638691087
4.811807602969854
5.02490025212192
4.911366415992175
4.993743547289741
4.863910798501529
5.130705037681951
5.1758481830104115
5.032368555950418
5.642576337452627
5.510396922799579
4.913950057909667
4.729112754220927
4.573010889308483
4.427195337915666
4.500871746991195
4.568255313799613
4.516917492396157
3.507663323426673
3.4061228973767887
3.4685983446803603
3.3708738893906482
3.377811164386435
3.5650109641859964
3.7008600694160947
3.6442073703950717
3.6628733871018375
3.7359919829789194
3.860925919240311
3.8111140482768944
3.7608700859198345
3.4233214765948055
3.5574247546760347
3.748484357622082
4.047505611711911
4.134911940857507
4.229769430977731
4.243546243592208
4.1607637123856085
4.037848133160845
4.286578437567429
4.422852421834456
4.132661589734247
4.04915097141005
4.2803152558447
3.5036585530536763
3.627929361575946
3.8244302750856467
3.950306676783785
4.176101872554464
4.339356796844653
4.501917056802178
4.759174480337949
5.196447863333743
5.445306218638283
5.517942719899468
5.724977119323925
5.904858426389074
5.908148053773504
5.749675235130492
4.958160377548115
5.07769645769588
5.068532870750794
5.161493829571588
5.199029336702476
5.367822554220232
5.29226172271777
5.282709457340908
5.25035582428023
5.104384371112597
4.868402650295404
4.975434745816203
5.10478528774724
5.145145950796827
5.286771929312708
5.4377573799855075
5.160470364264247
5.212029892679265
5.3117160541022574
5.267714575679527
5.24749673222092
4.889939269204519
4.845873573005672
4.805831534069888
4.932170302887956
4.732063621919744
4.655828726236209
4.587269688378514
4.371239550024199
3.76465326617977
3.711882570965311
3.604958627581281
3.671049410923746
3.652852090897776
3.48660417023766
3.5899430776841452
3.391072730292537
3.641485865111359
3.4958660836492625
3.559993169153477
3.569557542710144
3.660402452603269
3.667143808228293
3.741151638591776
3.815159468955257
3.9679254841329406
3.958829639419197
4.169623197583718
4.232852335573649
4.163598265951746
4.144313621691388
4.107554282254714
4.522560707089556
4.379876076884426
4.456025202430963
4.597810882653504
4.297715232036232
4.457259589922871
4.621099783035715
4.548778989431957
4.42544369002896
4.551423640155208
4.646558559208372
4.951455217890846
4.959418842030729
5.13675414829992
4.9054657594368845
4.973984562462765
4.683851159640924
4.620735238663102
4.813118860548127
4.9104337832905625
4.7702599471771805
4.213973107478743
4.241517089680731
4.308517492820632
4.255961746817369
3.959717123504934
4.035267955561443
4.137947120402207
4.749128813488221
4.679190391741061
4.423648129125989
4.116683676625979
4.083732223342183
4.150964875725907
4.327176616569964
4.242372812585785
3.6304807074316727
3.7692330709047632
3.969399999491616
3.9351267603365967
3.8597218189886107
3.795015312653233
3.7774701736572056
3.7109442037275175
3.7694497586833187
3.8556904160996184
3.9255186215517957
3.60880845953646
3.6633818132091824
3.6227418452782274
3.754154780918931
3.614873756669817
3.642919770549114
4.043612175880445
3.8878927477038743
4.030486702690118
4.114435550170882
4.1658140066381515
4.250667920837051
4.860435951158318
4.963240031988278
5.128012015203021
5.487080239706758
5.615736235530553
4.753004139965449
4.935855956642836
5.152110940019267
5.334523522488384
5.214160952970207
5.387820367247021
5.387028250666735
5.44457305766526
5.602756443940626
5.804774028482631
5.545943238832639
5.414515550557763
5.519807520975465
5.595881758121024
5.576574019756849
5.809514428789503
5.681317802549896
5.539854770639741
5.630771074202298
5.607204424313271
5.773061518720982
5.767526382665535
5.708563734147404
5.756362925467058
5.791571083990397
5.275675445081495
5.586526142955574
5.643111836411422
5.756247854582913
5.861627266154752
6.189905475695899
5.3506766803603005
5.319513874879857
5.280394729964728
4.476945159106094
4.476918759247519
4.416742353953884
4.339876111159231
4.2765623388238385
4.3414821954253755
4.401844578054378
4.445435868385929
4.262220628389542
4.1846350472004525
4.362283666815215
4.073712498263517
4.147136252322364
4.33405178507219
4.403108675131425
4.4283181373071905
4.496331288126034
4.198794241557589
4.26123297113665
4.323457363641112
4.379046176936512
4.441834517232769
4.506376942869552
4.31514401546392
4.234310529415951
4.161965930853934
4.021327417220575
4.160588019279444
3.9779854701031927
3.9038942215372727
3.9705025567094925
3.78350504698198
3.38833864027784
3.2583785436885995
3.536500284867335
3.61203965001668
3.309878627102553
3.238202515698647
3.212158065164614
3.4968403908580914
3.512110034237666
3.4189735511703754
3.6982856854657595
3.543218786814112
3.6004818200396542
3.65753441751446
3.263425926750929
3.161189225390571
3.209095373332098
3.041293451949944
3.100959357435757
3.160625262921569
3.2202911684073814
3.279957073893194
3.339622979379006
3.408071390214951
3.6045549178793204
3.837490302613625
3.738376536242215
3.790550563259963
3.8328317444058695
3.9900850057804127
3.904222911418731
3.624278776498786
3.3500310540027862
3.2532841927255514
3.524541578806829
3.490390629943775
3.6347182368468975
3.6506026900137902
3.3633521154828037
3.4180254957412997
3.5849704439012733
3.7930101522370228
3.7125342603950995
3.318660805155452
3.2292835124204706
3.1778262782049955
2.793904049667661
2.878880919938641
3.168712351729776
3.311970768500674
3.6105658228537556
3.915719252581828
4.0525787228784305
4.365867611191456
4.463426636138022
4.632453882893755
4.845464194420833
4.948930498142916
5.052077236892351
5.360436776380083
5.306585558665564
5.131149019294121
5.419241491928263
5.639889809735843
5.937637253171421
6.345446081932457
6.0967531550720215
5.988124896877089
6.075547976011211
6.19379259859108
5.776727473612685
6.101542238388668
6.072648419184637
6.043650774496629
6.231878620691833
6.6466667677490285
6.6269934750032835
6.5242342280501875
6.772321684342631
6.973678568313193
7.11011970023319
7.247397880185006
7.457375200664148
7.736529748017382
7.555222716052386
7.628030712635992
7.53745521336619
7.33081347604705
7.5916447171163774
7.349598271146877
7.665076225104618
7.682571017299602
7.698698288830049
7.950601519560516
8.086322083315922
7.906401004008545
7.837980197468088
7.970192167733909
7.586882303972973
7.4971202272007105
7.2542994480253125
6.363334601099513
6.704054814586399
6.833313719690539
6.74777005864959
6.8522960696757265
6.989348057943081
6.497408812395095
6.716456300448821
6.898109851496506
6.692214453093046
5.779501274616168
5.961111361684264
6.018725112395233
5.996065908116174
6.029509537681636
5.835969187877538
5.555182276020996
5.603496918452076
5.38002016732237
5.2313811442531675
5.242625983010264
4.880264167877546
4.804923459390664
4.652358333677703
4.589254833918125
4.4087875949080635
4.499584776890399
4.358104795053942
4.540175374161944
4.749225303437882
4.75175483819897
4.851756764220441
4.7672249953652885
4.5936583024246
4.820520061730178
4.997394264435154
5.148873321640979
4.790246756779925
4.989702731287413
4.960827237019599
5.154478999689559
5.197738060718152
5.241203033790403
5.174255301953541
4.925540777070334
4.821110476540484
4.884549019660522
4.518860993284776
4.683227536746352
4.665093131854944
4.831423108609772
5.147227391418594
5.224457117017755
5.161208802085713
5.273174644851264
5.546712794231656
5.570008410567938
5.776849659909859
5.838247536470309
5.630225509470507
5.956617703448845
5.8965116332857495
6.107627483321077
6.283732535641577
5.819496326690323
5.688905508012132
5.418743181265879
5.391117030983579
5.361621608789602
5.307448623656147
5.12949051699883
5.056949613990862
4.834641044820619
4.985413227842012
5.190367337360064
5.303159778527536
5.178052033660599
5.2695165844993355
5.254813625914527
5.294485755200698
5.490414566003258
5.553551341490648
5.833736976306473
6.050085525340434
6.074910988432346
6.01001221017976
5.880641938617147
5.534604848939465
5.551927610755606
5.696661714694996
5.7932559058511615
5.441426397062589
5.501942530112089
5.567676565590043
5.593578722335506
5.652489180184363
5.478660062462805
5.557863661653628
5.233373358792627
5.395148286452742
5.3949974108063214
5.693100482048187
6.152598576808213
6.2782954698948865
6.524486529412936
6.779065395766051
7.080937615375985
7.562833198241477
7.802566463746171
7.943742076242696
7.512846505395048
7.726737893772006
7.958615817022199
8.168661598332438
8.157357856842552
8.169657640705879
7.627968892781041
7.590656583371092
7.097696711436742
6.99622780488911
6.748666041765569
6.687570459085048
6.614526553883897
6.720188022957167
6.45923192959502
6.36691527111954
6.183185419015484
6.298691360254326
6.311927691548232
6.058559892620227
6.534981289704758
6.543309320693706
6.378984440410004
6.413352708161883
6.6997510164839795
6.613337606763751
6.608128722561363
6.5827072401506275
6.0121550898244145
6.25427920465839
6.212813364967086
6.302559543348614
6.269061446187075
5.748039749793075
5.515911442122605
5.375226254089294
5.294494116692884
5.333743818282974
5.369656147546963
5.461718964476174
5.490724315387934
5.7076797138282345
5.9306633170720096
6.028508290380668
6.017940568642346
6.226203234595423
6.380133159418119
6.666434957151682
6.624215316281452
6.74736223491762
6.870509153553787
6.716614632959021
6.492739351087069
6.599186723895682
6.417364901776796
6.5800696240519345
5.63249151698667
5.031537007281904
5.052481249676369
4.968472354238751
4.710433101243519
4.531171743345964
4.499967139917281
4.191743100594618
4.332021776950312
4.274804499762488
4.187547991613777
4.035245221577734
3.7105559199002993
3.75040475717157
3.6663469570877956
3.8794959984819712
3.950793782636444
3.651788184608526
3.4717776526968227
3.4897820606844605
3.3981470426718086
3.187021738726835
3.0045829223000844
2.8324295197791427
2.8797567391119623
2.7042221103877218
2.6698648973229595
2.3402461026129786
2.385606863248939
2.600076806799271
2.650269258375642
2.7004617099520125
2.750654161528383
2.800846613104754
2.9672605618739785
2.857264717783619
3.193878940464078
3.25817153433927
3.227932185308688
3.332187091212172
3.1612227453618096
3.0549779261239416
2.864753549111094
2.755744914230886
2.671594699200331
2.4738088085710963
2.5091217304416857
2.0860312459139996
2.2429672495074495
2.2283074497707145
2.1739982055587745
1.8158139964648135
1.677170535806393
1.8077917340794216
1.8502729303371468
1.6260210993242805
1.6637401367072633
1.811380914156635
1.9312324983187212
1.999763147406746
2.269919211233592
2.434784015135716
2.65367781597471
2.7854213774852172
3.01247892435955
2.919170539603744
2.9857676059141
3.169044029845057
3.348993039809855
3.4223919690068962
3.3388979378134733
3.520040705550937
3.118552798890589
3.2616342624547903
3.557450298131279
3.717360201449923
3.934429034675176
4.083343991520385
4.393748015725675
4.599296422065866
4.919379363091507
5.028377455150632
5.1370562727745215
5.583302327601481
5.606204734883199
5.674890504845236
5.770048746239619
5.8599361459774055
5.987902988905048
5.958931298161869
6.180505362232317
6.054554167307771
6.161615493419867
6.070417494245315
6.151210673649229
6.206250433931725
5.99919262716715
5.935988937660188
5.779762286837553
6.075160850650391
6.074774747729637
5.930613500440632
6.205777185687396
6.162749341751582
6.132375149472244
6.3872332915376955
6.405704740261705
6.150025892467434
5.920402616184276
5.941359974271916
5.7084515059280525
5.712756328265846
5.692280017924522
5.786671927426325
5.584413909910194
5.607153099820101
5.594620867707069
5.7247765721076345
5.821482110468457
5.2336132623503335
5.17464927648196
4.892648657904438
4.835140890522624
4.83215064069737
4.923949049943935
4.848024303860505
4.693035006951566
4.779028506852735
4.865022006753904
5.094564366674092
5.022860504806158
5.3428375601589675
5.1722954107993555
5.253523311437354
5.2696634159223885
4.695148053152809
4.428674547869558
4.403473921109121
4.287907556898177
4.316278871843282
4.260827346176059
4.101190680962963
4.124318103316911
4.478168838381838
4.338401042552346
4.428186848992567
4.473083325893994
4.480606042485916
4.322063816127961
4.273851368877033
4.1252100109982335
3.982383653414939
3.45916343089636
3.6273127103748424
3.784475708458089
4.205662994579725
4.522143861465114
4.61540181087596
4.868127309087226
4.809530083834989
5.094625128664318
5.197480249850232
5.525609089094391
5.634900602224825
5.744192115355259
5.461014101161952
5.334059354229872
5.154603016314125
5.1305899732147
5.013518071118731
5.058358055392902
5.221865435108265
5.231471965541778
4.96930469022465
4.768517033703631
4.6259219964750855
4.651916827048947
4.624490605905334
4.551472751555915
4.616513277138869
4.681339378789581
4.418054945227924
4.102277012561973
4.06783089362557
4.058248876213215
4.015839910144428
3.955138736370765
3.9487908679215526
4.191944554828074
3.988153260781959
4.079000781380774
3.483475277700424
3.312091240490552
3.497543323384707
3.452653420923874
3.3570793270443855
3.0245405620827936
3.208017656882354
2.824964908467341
3.072749854390484
3.263752873910013
3.4095418328987788
3.4916673267585785
3.193106351820721
3.5594970718443877
3.6469532111538148
3.534901332797093
3.4691053878786335
3.259349040910578
3.562630739577905
3.7117859496319388
4.016297599625466
4.322585773202684
4.597884344824717
4.844347903152732
4.9492944725452475
5.160674705589781
5.344275202591066
5.56803685737288
5.688534387614937
5.804902126249374
5.698688572354951
5.862709203076506
5.87993914820382
5.354988144425372
5.552322304426524
5.355457327154462
5.4058966855348425
5.048406898774843
4.927793984054414
4.7836131481963005
4.8365395114183105
5.14152624300565
5.1213673981548204
5.318840029481674
5.165763843699423
5.019035905297374
4.964348204688539
5.150970583758733
5.316165726636414
5.155597768284999
5.218019808045329
5.3405095957512
5.275028660020189
5.495383775261372
5.465403860006647
5.410747057174501
5.273001199288802
4.980558399277159
4.77675953833006
4.639330430538522
4.713153988925641
4.685016156553417
4.731535856437166
4.655921834474226
4.693438410928309
4.724861428425341
4.869896723478536
4.943541904716768
4.947432302061556
4.963353665971521
4.605288157525865
4.615411769661818
4.724993252379436
5.334627813494458
5.4444925555021015
5.14805644724998
5.076787690344235
5.001096326812117
4.965414353972052
4.94658669809833
5.117638218976858
5.436141594895424
5.763470403318205
5.993702502407201
6.085709491419643
6.211825627880103
6.171223544596486
6.136913097617006
6.221418503777195
6.183051793817441
6.4949766644930955
6.6321661548075515
6.372520836506361
6.444138870699714
6.484983082856374
6.563625330917676
6.827193240527538
6.852816772884849
6.812270984221376
6.902992986015731
7.047976318570375
6.806718408315539
6.890282469257421
6.792281710905237
6.905747519025482
7.000268684616443
7.211951896018369
7.295411013257966
7.433851253351394
6.6148156577797685
6.614597645525893
6.609536353443091
6.747965292125251
6.755807781857196
6.634284938103327
7.059741817790742
6.605972539534631
6.329635678735482
6.106771955666606
5.532329161764388
5.391223432338385
5.22861170426755
5.203385777104535
5.40852771259987
5.380922859467098
5.36685689957836
5.202930767157729
5.29917479133062
5.309986419911913
5.578747832670198
5.522609338992485
5.4663127198524135
5.297523732415939
5.209027517056593
5.222817853572535
5.084207461992314
5.186354964425667
5.388268144470241
5.11454400851596
5.230294221920137
5.088797467737549
5.141704808241946
5.087083840863284
5.055650537026374
5.0458003813105785
5.047248612119808
5.2392968328866125
5.403341142962774
5.165913179952402
4.859232286800913
5.02738381609615
4.150806523987845
4.191275910685337
4.204951777596936
4.175429634932842
4.366776376766848
4.399924040316742
4.4488301956417216
4.595604863463068
4.493868537623554
4.356022441706753
4.2151259150173415
4.0711750057830445
4.191655850440727
4.306435023569769
3.80508990977879
4.0963968942910745
4.0161858285823415
4.165390261317801
4.113264589874232
4.144682056242942
4.210294529089715
4.157181142688416
3.9904412357663612
4.050543376199031
4.065763440290688
4.348767796350343
4.18379535113729
4.436393145168786
4.275431083061346
4.222788151057155
4.043092391563677
3.9576231274923073
3.978781717530313
4.106110721742742
4.276206037455701
4.543067919645852
4.395499698378042
4.32041189170282
4.3282550908756505
4.169092240543576
3.9964551779718764
4.114413454299038
3.9640037943363113
3.8031114022713273
3.7649838891313636
4.16693465413822
4.312947146356651
4.49598274781784
4.63730243755669
4.553267866153763
4.479426626878938
4.340498972482672
4.414224903313512
4.349624220918478
4.442761624507909
4.404670061937419
4.715529846515238
4.807805460355366
4.900081074195497
5.075052296794331
5.315769312333898
5.187934091784293
5.407374506805323
4.8939327523527245
5.109342663395255
5.273100547131758
5.3164818743029
5.329630366510671
5.277619629104999
5.324686690041853
4.96957641337187
4.365999767846461
4.550679293056261
4.658553592908388
4.7519677382966625
4.927462271985311
5.0301406816846495
5.079475211838481
5.490193899371799
5.694898009412223
5.832074609541142
5.325232183211158
5.496775027747758
5.379393213129153
5.238421976617183
5.133266975113864
5.308406418843146
5.1324856454252945
5.30745600355582
5.403292670527369
5.4991283663336645
5.478752062412317
5.246346704721858
5.4606499022179085
5.678202639914302
5.754086885415453
5.796121876428799
5.566377147236023
5.437473173327713
5.439930220265492
5.365191402869347
5.414006045931999
5.144085400081657
5.147672677848459
5.100525833624831
5.2614704374874774
5.426740473785086
5.753499856746396
5.685892460259085
5.494739501821936
5.444159924116334
5.461561972045066
5.627535858008364
5.8243612460714695
5.313737501252214
5.267159850786737
5.3088609078574684
5.269876165500313
4.967306072096493
5.270600231563559
5.1699144613895465
5.056272909223899
4.991993572213908
4.787947425699606
4.81232293722541
4.895688746501236
4.975474904527591
4.935752011320313
4.951260475098981
4.949304045282289
5.155750980163354
5.056891941553191
4.918387936549542
4.875423881171509
4.986649575193425
5.028674147522838
5.13096307745653
5.3013950175056355
5.527472936053643
5.558158087757784
5.874184183468723
5.5610987839759165
5.566215506189125
5.3540597741612945
5.355315537108677
5.521222254259616
5.610381683951791
5.559895335636986
5.515240005041447
5.2297506856984075
5.358594922535341
5.305760232019389
5.415337201793422
5.535408908924915
5.589084445619243
5.461777499187682
5.414371091701319
5.401785197082836
5.633333432932837
5.599260923385695
5.655161185340968
5.809550182147245
6.137265277512309
6.084288660023298
5.965822265020579
5.863513940629971
5.386063656865566
5.333997543785222
5.045262617881037
5.253271601790677
5.302344466463791
5.3609343387336486
5.4150660111276405
5.118349193840944
5.12822271995195
5.19422646414431
4.912187135814181
5.075998750479777
5.346936360097742
5.204603260037484
5.302814906952027
4.946874728281609
4.886688710083571
4.974899699163061
5.224756032617283
5.258038620848963
5.098521619036725
5.2579620879724915
5.422185428070003
5.376404711608478
5.429873277587228
5.305027855531474
5.406519820528876
5.479531992065427
5.3503819051577794
5.504708876897271
5.429326634809545
5.584605253978441
5.342751657080693
5.365739080744761
5.423010130928316
5.58045190095643
5.80010389940567
5.92757863836976
5.994769998818834
5.49317258888524
5.7549363783839755
5.682779355205213
5.402721931664299
5.457861874818043
5.352056657665097
5.415444213544736
5.467553494561295
5.45861144618807
5.236403738800544
5.402773618498597
5.718044936767832
5.881824181114702
5.8180503028791986
5.9240163592458615
5.759966412743934
5.963042199064453
5.916588320066098
6.207382115397364
6.24804741879245
6.47607476621883
6.41151071852458
6.123317009353473
6.308837788165326
6.601396931404595
6.781677925509993
6.884282076845994
6.908439412648579
6.740901393271064
6.706494573308161
6.72130486445474
6.465522878256534
6.204327614318867
5.619778937361026
6.201735023503953
6.089656816212405
6.0372969935240235
5.92767052276896
6.287936981288237
6.366480549548375
6.2856935549910995
6.143171025224574
6.0384029557004375
5.949137124737778
5.785706200930673
5.839925262509439
5.7592343615402255
5.403903910838553
5.437108042182288
5.470314239276473
5.620960240311107
5.590420592288236
5.299608696934424
5.364120155765046
4.883325220277422
4.897084208453471
4.747534671713543
4.892848414665216
5.097299756811627
5.250312389169551
5.024536437481284
4.8053960544254215
4.565838195281278
4.661428728467818
4.813588991029168
4.853886030599407
4.954492160619294
5.104767238179637
5.284364662854531
5.391136237204484
4.401923543393285
4.5687643389392285
4.880287620434188
4.8054464884390935
4.198714886874921
4.058005226395706
4.2850371061480965
4.264750794126967
4.554480992246454
4.6972233651576945
4.885976969789542
4.588207854209036
4.909819164702723
5.002773258354673
5.043746119755781
5.091089264632272
5.225376989009652
5.513752435752745
5.674806910143619
5.5181799783377015
5.4347275212601325
5.558721528433129
5.803989998110901
5.601085481721631
5.280846483806452
4.929918418614118
5.101254100767566
5.071594865144688
5.0011694839222445
5.083949753882347
4.883465584194768
4.8934642310960506
5.091904475762385
5.309074686172085
5.25264525874941
5.34659287207895
5.455764468560856
5.6149149651641155
5.494215392704576
5.981547063059019
6.113795859914145
6.223737929158086
6.19104308079808
6.400930477116066
6.064351708330978
5.953305749879557
5.955711987018492
6.165608712963774
5.814349219201749
6.107649924627438
6.079139447643847
6.094269745667944
5.933534939003194
5.671934100552623
5.629970377755352
5.94310863198364
6.030481799748617
5.887369858141731
5.819783820131144
5.995521982437272
6.189935626034551
6.415469984652238
6.475422967835086
6.8238896929384865
7.126110937266683
7.207176492703988
7.124370412400091
7.196619485964316
7.161690475533182
6.900067712391319
7.023218995811859
7.146267961643295
7.385784489091328
7.1321906412944545
6.912749616307243
6.297995174206644
6.516182288227933
6.635638471090328
6.977400130430485
6.737165323118506
6.971895912883389
7.104129065055922
7.021504024552514
6.854744362580422
6.6376004900971415
6.504002615500759
6.842011481124383
7.064134445367822
7.1795310790633575
7.38399573685562
7.06271028993759
6.766726006605378
6.861405418272493
6.821019995633948
6.781861819124142
7.006556495341375
6.939434478714973
7.007358205517713
6.8389039280992066
6.729590902241003
6.705764430913771
6.801818230353987
6.814607841292936
6.605633829129993
6.6277869136595156
6.7525957965617955
6.88588625925843
7.077177115763329
7.193367789186354
7.319775685514602
7.236543133440544
6.679084231134332
6.59105680926472
6.704550822084789
6.439690371307309
6.4710116438415906
6.354286144355243
6.538728391113287
6.628001121909419
6.411505169847644
6.310578561516794
6.185539489105859
5.893411239880181
5.661408850322324
5.560693292277754
5.724492023506172
6.042885018145368
6.158530898884087
6.105364045730326
6.088393549801879
6.408178603167562
5.908467660964352
5.9339626084138954
5.703381527407781
5.174204963544513
4.950202690450897
4.666945801921273
4.064130657244767
3.953121189089663
3.792826156358882
4.0537995666805955
3.9547053721608108
4.13732218360172
4.621910649824628
4.395956925041573
4.472872804494054
4.564512981114598
4.733872846734155
4.779563678215497
4.9229332313123955
4.948004369664249
5.111280430404102
5.428071618065748
5.537989882235193
5.645104217736613
5.855380252678126
6.141158291034019
6.409967426258498
6.409264646146084
6.34310551332087
6.471104830996521
6.144637959596878
5.9823494696684225
6.0435195418321035
6.27259575748662
6.401178335940356
5.891174314750908
6.167477924927271
6.210794061069869
6.35399348243327
6.373206560327287
6.405551183549318
6.641364960691733
6.818152163967632
6.838893468058754
6.957984350014259
6.759176976180813
6.847220275349475
6.809756642399226
5.980810312345812
6.16002720805565
5.932023966647405
6.135510762226806
6.1642589128796175
6.2739058181440415
6.362514198424033
6.341955847339588
6.115843478118233
5.8457860804439346
5.956257102715522
6.081447604836698
6.0218479116451045
5.79066975450961
5.800188776123657
6.129125464354018
6.192252028257753
6.255862944735662
6.368098365555201
6.114997969003472
6.077544950612935
5.568443610582187
5.548408798300675
5.6557968179344
5.101521004814408
5.125062617967694
5.162704356553748
5.199517197540978
5.034306528928831
5.11259991971136
5.245121563803996
5.343666438574755
5.431479278040672
5.5017068076648314
5.58688972980044
5.747075013165294
5.690749093651387
5.127677999985049
4.98757220697245
5.038522439618874
5.02989188680252
5.223907690378111
5.231348711485876
5.317651664437446
5.193337638839234
5.200215592411675
4.68022743676069
4.575144407707335
4.615421125134716
4.523022398480419
4.141899817802962
3.819609257740105
3.785872236560981
3.9297370630705655
4.056544755449163
4.127113593171944
4.197135176503311
4.240428228186083
4.370127475623353
4.361842481031355
4.505897167858528
4.505453873427187
4.8150851460003175
5.042705129378592
4.922260905635394
4.577439097432203
4.399674507589148
4.4974840213976295
4.581111373243327
4.685718233916916
4.443824048937691
4.302216798947992
4.270442670380794
4.410786614534096
4.597996142738815
4.337147500296455
4.340836576490713
4.364675432197372
4.361575433224705
4.418733078213382
4.573391136410774
4.5104633851707225
4.495410712089402
4.553459519018201
4.515898267870016
4.694195973709148
5.129032083476452
5.100634735243685
5.198764823864115
4.9085438922892335
4.899141548205469
5.006139450857393
5.172428340919632
5.089492957698833
5.116750847301698
4.944449836359863
5.11119132926532
5.27003527262618
4.943573051955411
4.769411639515905
4.881017976913444
5.145094945643369
5.113198016121215
5.234466473774112
5.455880982549945
5.407799440593375
5.300016392029155
4.943368193175982
4.863069184566939
4.950626168189105
4.937231285492674
5.149432287393047
5.2745855281139535
5.041868558588357
5.237243216419306
5.286275553557624
5.409438968849875
5.565927274774114
5.606675903817696
5.716032825701393
5.980398959394905
5.775574180989862
5.30332848043627
5.6310670906873455
5.841964623299188
5.791588592764323
5.910926126585664
6.086399414360035
6.1476529015634
6.187347080971099
6.3083827712698515
6.317310042023123
6.053182760947219
5.848225832359628
5.931122206745298
6.057645932256998
6.1249690859230626
5.998163683992354
6.283204808258168
6.510134603540871
6.368240966818328
6.220825333100674
6.22930251793711
6.450639469966219
6.5750882013410505
6.188385829314216
5.975750263388163
5.748352060446148
5.6257819068824215
5.761793052558931
5.481405422896113
5.499740545198982
5.218075888707605
5.178947222732354
5.258350587786725
5.015983047061142
4.790482669144106
4.711769234140388
4.565035995214458
4.258433323599759
4.291719468757393
4.476574739861857
4.641846242566265
4.489661605169636
4.406025121503875
4.4044291517560685
4.290158532621205
4.285953513433032
4.311666337575941
4.283551738053139
4.310461191558699
4.415424626140951
4.497107118696798
4.1335641674416905
3.97717103693482
3.6687557352882654
3.808418871005219
3.4877163289732738
3.6889187909469254
3.5937745854468073
3.522811685075052
3.70870093356083
3.957627181893962
4.017995533504486
4.407828394974529
4.448888509005741
4.432745950942352
4.438255224939395
4.644500004323888
4.854173900285458
4.785073733485233
5.091156888160473
5.266792445209401
5.262493343102371
5.477533635108153
5.431731215500887
5.38355804773665
5.544014662896797
5.240148676751333
5.410635857071549
5.437652450659154
5.548400291393716
5.5685901684059855
5.575695885823189
5.565915091467352
5.413077024625586
5.510393310661633
5.561532538823591
5.201503810106378
5.286850877458165
4.919973069352879
4.669630780353597
4.589772543804275
4.675300900102569
4.4177090467086595
4.365740871295854
4.621157986177608
4.707460755773048
4.793763525368489
4.857108878299786
4.562752222524213
4.531110654137657
4.7025061195957685
4.630292806584171
4.6039489589516585
4.441522209021802
4.35230610998508
3.962410285193439
3.754951793679278
3.566194700364064
3.397612599719559
3.437400646411356
3.2596873603969043
3.014372204550789
3.1475176852663336
3.3825595314611014
3.6251290466300254
3.5698469922836096
3.5391926400358886
3.280791988287817
3.3484385849716523
3.1833711616841858
3.3885817088237613
3.366994601185704
3.5606728549344946
3.862318787289115
3.974389179477359
4.17876606298897
4.3798205070024965
4.606979102501016
4.815182904480063
4.978309577244288
4.493114478147177
4.590047283857354
4.7619290430488155
4.861224706475218
5.039401078734573
5.141171542681366
4.919244462481182
5.1374249234911
5.147125642114023
5.43534176172133
5.60671604138497
5.722065689518112
5.834049231909875
6.00762317535221
6.121587344624922
6.286679646995149
6.101368302935145
6.169607213247782
6.233424189626178
5.769212992695992
5.3145975999829425
5.4846553966430625
5.575941843565692
5.469308994653354
5.1715249140947375
5.442203737751066
5.345228859096539
5.306476851328852
5.39359067305171
5.045907694317662
5.315345941976903
5.404956086673163
5.395630256119868
5.280914823304816
5.237974549057022
5.209497642721888
5.081118701183561
5.17222714900912
5.111411617739521
5.265556223404239
5.54056050548623
5.721219572189843
5.777376074548387
5.629082322709659
5.434669874789228
5.278861263456063
5.252464214331721
5.525408808094461
5.736901366601034
5.94290351260255
6.273526915231573
6.2894639928033484
6.2014421319656545
6.15373885762203
5.917494559790191
5.840902468744315
5.844003329742396
5.865883921381482
5.853581547846227
6.062352601321253
6.075034960450325
5.817272754012599
5.885680778819822
5.727327925886136
5.423605519995328
5.5256724911918695
5.2988082855354675
4.961704214722373
4.950160769899975
5.015955338985121
5.287903283299634
5.473422475541548
5.808416723611836
6.14997691262236
6.34493696896917
6.453271656371064
6.106744064167593
6.065331114936299
5.91309759765233
6.051731853431133
6.074256120891356
5.953819801884849
6.066618167652365
6.024470165384501
6.028697736812644
5.790871169991891
5.559444007538415
5.717743322890032
5.775477363351302
5.868846381650208
5.877270808937431
6.016426643896064
5.818672664096043
5.798359526591225
5.664412047910344
5.425778635614834
5.47834323503694
5.649114373757456
5.6443416860808355
5.74554895344955
5.876419642028394
6.082991740272258
6.030765585472793
6.196438265128843
6.083871543256458
6.146740166823193
5.64214729728231
5.807935657721837
5.51508684421453
5.152142920867852
5.1008461991098475
4.958616611933235
4.64930071935932
4.7283523830252205
4.517259044778733
4.481422608972785
4.556475524792065
4.70793829440434
5.123195191970497
4.7699988947477765
4.784263906664804
4.7649818839135625
4.969737724507974
5.164599768392361
4.810552437986436
4.863446416417862
4.714056751921571
4.560719189812515
4.714004645554859
4.8632022228654925
5.037791088617817
5.005170710916048
5.2754358584539265
5.3798667002968426
5.239074496605009
5.326699420161486
5.155464515779365
5.0882806954880255
4.96127404876028
4.937272891499358
5.201853410102525
5.1830236614286465
5.180244551026879
4.868081247073256
4.9499982142089705
5.159392850393135
5.472887092215142
5.683419052918069
5.846845467798084
6.026298632778311
6.0863987087079074
6.257630099778187
6.307775316806794
6.384247628290256
5.871134148624178
6.046705667684437
5.825161191778026
5.815620247972138
5.230621154416696
4.929712692051813
5.03981828450758
4.783858969295323
4.974509037155015
5.239573875392882
5.102501121207485
5.256825071702544
5.204443066015152
5.301391226991246
5.098630595334378
4.860999565018758
5.145754188661005
5.305963969112332
5.475411771660586
5.45309712724056
5.67672789230501
5.633607818618459
5.275458195411495
5.237514050677486
5.284936961470937
5.3367719945277425
5.245468593405381
5.224789655893809
5.084677655145372
5.124140227933282
4.907205395265073
4.912948144563151
4.805885326216169
4.7593498966710435
4.552152412832067
4.499095393613514
4.641364950488307
4.759902866127688
4.921304894506756
5.107266398307189
5.4314503113276595
5.4625198952239495
5.6544397833082005
5.832335243049457
5.770644093371713
5.496391689800997
5.596235607173414
5.481677856027039
5.798163171239772
5.632482949028093
5.709189802729008
5.943488354504148
6.023900782513205
6.054943783337666
6.049264759671247
6.273956646472919
6.202239121778056
6.155634098424659
6.2664349058161735
6.328265520447841
6.394813127827668
6.497346361309328
6.563668528106722
6.685611620222992
6.422323527487666
6.28406750177198
6.501070904005772
6.542496889366525
6.690835221478664
6.768795340829356
6.7265558498482
6.739479328679435
6.595993521808908
6.524506172812338
6.507004060978326
6.0069485712871655
5.652878404326239
5.646969004115382
5.585640475761182
5.7781064088286485
5.85214653842404
5.913999417069604
6.09298817062467
6.148657588866082
5.926470768853735
5.8265436592564415
5.697054172576235
5.535202210099311
5.017309374341038
5.210775500971131
5.482772273759238
5.423888967010566
5.369230171211032
5.5380452165781
5.698271390839766
5.768932488324485
5.770043647603156
5.875844253142971
5.992829061545967
5.830628621595366
6.020136922960132
5.899187554384124
5.553155515620462
5.536468927886952
5.484635436477204
5.689508438203581
5.986505570742049
5.982272373306897
6.035602414677695
5.778485159520724
5.967530439559458
6.0587322547420035
6.182283260314568
6.363940889288129
6.414804262892885
5.91711498897156
5.879265328782695
5.870944778757053
5.840893277031143
5.688180669881979
5.633162158626484
5.5818533179580445
5.908384218449055
6.124738273844537
6.427970714563819
6.1975295098355
6.075079203591908
6.033866677080834
6.134953291619449
6.118385697215533
6.084379711050904
5.5468695307907945
5.259938054031134
4.799344093036015
4.74657928357176
4.492126640128078
4.203712431985838
4.356079233369689
4.300188833134087
4.422028813569881
4.523613210037498
4.414802821216934
4.24815341798981
4.12451893722924
3.9276160818357124
3.93773364857227
3.7957391584305213
3.6411552012389814
3.7738344455037534
3.896133437931425
3.8997148079274626
3.982585939288635
4.04599114948395
4.11861884446895
4.140535925131661
4.001253699663731
3.9109445198707977
3.6843501425579346
3.400167272173364
3.303387288003047
2.7237019381953855
2.778417854174903
2.5174599395786026
2.650498831571874
2.8228102917541498
2.9136608265839117
3.065707097948328
3.1063075703164045
3.6543529349391877
4.07644712037562
4.051417008801253
4.127116021899585
4.021417241187993
4.069867486877151
4.465246351440568
4.358637496280409
4.443262045404737
4.643639338612384
4.570364732875841
4.630979563297093
4.6570610998684145
4.96305037020429
5.004180357722835
5.102072628348331
5.097012258178772
5.04305306439381
5.087157695510253
4.824830761583459
4.992927950660772
4.736083032841863
5.0502288223233265
5.170686527711689
5.4505509500828015
5.417284688077248
5.294446211857768
5.292893105259555
5.364446343281724
5.00328493650977
4.899623484284973
4.913788299408842
4.896579451803043
5.067494398906552
5.162823387656408
5.186714011933854
4.906910068908852
5.240245783792122
5.330271797889571
5.283466698260119
5.595928334163591
5.564329685694519
5.687200406879251
5.824642172209995
5.9645162724847856
5.620625411278547
5.5815615258968325
5.587277157961152
5.752123107828203
5.806940190531581
5.929877095304546
6.056943433164301
6.180575669635351
5.843722785413274
5.8781877807382905
5.985704529777827
5.985610759315702
5.911347388631792
5.745216038697684
5.806750853686175
5.621073738013826
5.736823615569799
6.026698080922066
6.013436567254577
6.014344509217043
6.3069176057568175
6.269244979317073
6.417414493152231
6.428777437143303
6.350138839581994
6.529791200587598
6.596392564014316
6.879097442329301
6.0303465471243785
5.9799697807127625
6.199547409675626
5.973775301566448
5.92458773017704
5.7907597577003
5.790799237185389
5.6014817066301115
5.880473601243857
6.053230331183034
6.040973796751746
5.818203587564333
5.551765811574991
5.427323809520749
5.154279590921952
5.006126440071247
5.091485483326657
5.110962569373028
5.333069454216344
5.334216272425171
5.413488651536944
5.136470328259562
5.187752455543142
5.241770444932204
5.394377071824869
5.180404526296247
5.335548263018473
5.359188768971651
5.302547433601895
5.624325042577698
5.357158193342657
5.406377200250699
5.496467671661111
5.436516382217447
5.393041005531009
5.378571785174254
5.32975405117169
5.222260405753149
5.3187256641494915
5.3298950246382955
5.287084002001884
5.44233766649779
5.509500901349839
5.530718780283988
5.333111723110455
5.083786759977803
5.251194611443568
5.221950320369008
5.322654887406193
5.136280294518633
5.0502536314046225
5.110698976417075
5.146761031958724
5.13770204080878
5.089774230316072
5.224397399930949
5.299381391557655
5.507171506477333
5.394348824241963
5.425717941619722
5.25870804378894
5.227692878108659
5.30472198078465
5.450289299327992
5.148539583581926
4.788161486282326
4.928077102074485
4.640702530967519
4.618129625005694
4.5747123541974535
4.575572405619737
4.208944722941062
4.246793869574682
4.260184993473846
4.228716682966002
4.11235928427495
4.140689831265359
4.252921359038013
4.407454163646284
4.3278584590229245
4.371891478223864
4.35346283027496
4.3098855406605106
4.231205147936371
4.3697917897252605
4.916799991651914
4.927477321620713
5.040105306364969
5.36144195273014
5.489611347837043
5.374831828424821
5.402568593864279
5.352379393824849
5.220086883373064
5.095171731905794
5.119682434822343
5.114220199512458
5.289075102452027
5.243451659140289
5.330325947750528
5.3888901665550755
5.479424539465322
5.459085582252024
5.485171077673501
5.207923140767266
5.4767414431753725
5.489280739117605
5.584800449596395
5.594053395905766
5.648104471478795
5.061819907064579
4.906596089194789
4.879624932505335
4.7098322708352205
4.633360086646216
4.725413408788857
4.749793918684814
4.647613730553579
4.750572751894466
4.829876185545386
4.967100417993664
4.5478553063633065
4.728448082972652
4.764683342997711
4.747352505061546
4.642808126411112
4.8988067911158435
5.03403975499203
5.000688150083894
5.1874926807676625
5.155706949598464
4.749240115018049
4.743765818506033
4.895248571431103
4.902416329886323
4.654835389842572
4.699846463692976
4.750883764768439
5.174429693424562
5.187374632036059
5.346194697619472
5.099287984289532
5.1825378497932535
5.473984363657219
5.371524153157662
5.3897094255703095
5.617701193142789
6.045886633802604
6.109609516691069
6.210740215415509
6.330096618253267
6.661406472216572
6.673469809303061
6.789678193895593
6.900741895828865
7.122287141113059
6.908660268137481
6.849061888599259
6.755654793493873
6.951149761020937
6.812438177879817
6.767377414604296
6.629856329185735
6.5780174771785775
6.65175220473804
6.546045341252574
6.437084582495791
6.399916897099457
6.2017680899739664
5.858439980968128
5.853234568384786
5.736721896160594
""
""
""
""
""
""
""
""
""
""
""
""
""
""
""
""
""
""
