"(Node2692*, Node2691*)"
""
""
""
""
""
""
""
""
""
""
""
""
""
""
""
""
""
2.51563692637128
2.374038097524029
2.1851724846747076
2.2773651719675208
2.534684947673092
2.5833511570134466
2.4234685620341043
2.4268521207922524
2.335375619684548
2.414060542794676
2.484298267726006
2.7518122353212258
2.643535207157268
2.650213132687743
2.6754994990460457
3.013518533584601
2.853713272921297
2.721950209090937
2.6105882133503466
2.780234028783665
2.7570713110585396
2.3101443340431405
2.3154458007355725
2.317468637115192
2.433680444120119
2.146193243259713
2.332250906825223
2.3983240298742023
2.517119615662424
2.532619420735246
2.520595345315531
2.5746271573087203
2.900214631384881
3.0305855495933502
3.0710397298177305
3.022265838125577
3.3991353685703545
3.56118474339032
3.663059514430086
3.3631986276905335
3.1707841976303253
3.1970321762640723
3.3111435775347875
3.3074447301628735
3.306163123625133
3.445327025878322
3.4538945592206525
3.553285014088268
3.3755575549308285
3.4238028834892265
3.1467516241133917
3.2511299499305597
3.5907502370261573
3.913886471956497
3.9828836842379514
4.255106889152408
4.5027844667927095
4.694589535169139
4.797423492357566
5.009782629259317
4.965911382632547
5.029869474595565
5.110759263538497
4.969574147572478
5.126943730580736
5.298502453172563
5.414882375750607
5.7764506052978595
5.426091072649525
5.511959927162295
5.791351785878244
5.9214105066547145
5.784666242762023
5.336679541084139
5.491320345414464
5.651498755588248
5.867474283857847
5.849532728701087
5.857306172935417
5.848113183572637
6.186957610655623
6.07000869900062
6.218879526232323
6.044034578248275
6.426081769853631
6.3522513400091905
6.6677122337077055
6.698786732038573
6.163799820871003
5.9214847432380315
6.150484279846561
5.967176252678657
5.844814161176055
5.753864017186362
5.806467152456998
5.6457352474660905
5.823720843001775
5.9759141014023385
5.595752481703484
5.640536694917694
5.707316105687408
5.575920159169141
5.684311019539563
5.402287485856
5.385968466194811
5.448519026354535
5.3908311339048085
5.2594515619559905
5.444860007409217
5.532526722327219
5.202542405318941
5.034255990145579
4.691111471273964
4.813512820808442
4.879598534304808
4.721353484018698
4.626032716954172
4.570225242258929
4.397064414138892
4.470213903150189
4.362334730265763
4.412785921450357
4.704766698178891
4.581606454044852
5.198307216120607
5.3740728675495015
5.247710077508351
5.551249952755708
5.739742992917911
5.763763119400364
5.690899300534229
5.813806277630351
5.866345365901539
5.530130779887464
5.80247629621824
5.981855828115346
5.803451139854607
5.876146181547787
5.818140316099482
5.439645836544155
5.371031486074265
5.1047508305484
5.061857748682048
5.095951044117043
4.842803416256511
4.757997826761493
4.437250420755002
4.421811546759871
4.561755752842254
4.81007967453008
4.718934392979189
4.729124203504231
4.77836194751312
4.574754647925446
4.236543854399884
4.5412517081188595
4.436857007507499
4.583170950257785
4.516591977847317
4.263055910649217
4.191399818630068
4.001371306119139
4.060206219595979
3.527436026951862
3.663884968410364
3.791332791399269
3.9649609549119393
4.144534607791253
4.077837524295349
4.127858376463337
3.848375886352056
4.076001154683563
4.317559465403737
4.186399774356059
3.951657433016571
4.128257609806351
4.2809604386023405
4.2586269766864655
4.414748318359076
4.539169154266354
4.537699107413509
4.630977177505597
5.0582552788131245
4.882503877634256
4.88137141222246
4.536848928176718
4.752827706886614
4.810444807981884
4.6468491303645845
4.665900126537887
5.070151545478517
5.5827863497756045
5.84515322313713
5.377099334876897
5.469788389960436
5.554842063897279
5.684024994350212
5.910037288827184
5.883789773985931
6.12036009092908
6.373574259169445
6.096540949843112
6.0598694116277745
5.906246294495126
5.7633599730159295
5.942711004060837
5.75227977518383
5.720531405715722
5.6870803177785145
5.779080115343381
5.932810159609256
5.7195333670363855
5.697778567628709
5.637557266855395
5.147373269181325
4.892701731433265
4.929582176948772
5.0140653481975255
4.849277146764086
4.77968465248833
4.879990139581506
4.811120265944488
4.284313361420202
4.392567571721224
4.529035932429274
4.709564605189811
4.684475889900186
3.631885627215603
3.417767849719031
3.720045769667462
3.663356548782014
3.5117994039455724
3.3927888014165157
3.1877994916296655
3.307554802782359
3.131485495552312
3.1154465714883797
3.142413732077589
3.0229463733844177
2.993460998792461
3.0559271909551002
2.9744004523886454
3.1449236261978624
2.9517140125490777
2.8877359063861134
2.6815981616071336
2.7161231599570343
2.82721106580426
2.8309323735487384
2.9427153706283677
3.1331058678487658
2.9163084739602527
2.7838597475596014
2.8611110343925423
2.9456963809203516
2.9552866536534306
2.885853603462142
2.7648975400121487
2.8575568091787558
2.824620502567421
2.7743295912911994
2.55734461899769
2.5419879492576616
2.4647615416218494
2.7429364731419152
2.5608790135654016
2.3569109663269825
2.603582230842781
2.3731127669768757
2.345727970562245
2.268271399786281
2.1300078698647282
1.7467147277340553
1.7914039001477113
1.5572710255279794
1.4547809043720674
1.4752352535918263
1.4447315538213712
1.4387509379560757
1.5235452947941357
1.2684715439706575
1.2884379866250886
1.3859756405492862
1.227338408239711
1.1345128255355792
1.3631216279229763
1.2996243681218151
1.3111345469587303
1.4205942541266707
1.460894828299761
1.3708476987301939
1.569397811375125
1.62881049233331
1.9808829538837724
1.9234460670041706
1.9360171784768232
1.9835579098864489
1.9894826120563964
2.01422496085298
2.08945284402163
2.2347916169744293
2.5988858672964064
2.759298194963712
2.545760597739024
2.8161111475667417
3.1548080921786164
3.1367096310954334
3.518946376827774
4.23125162006715
4.3301612352299
4.646778844643265
4.771193862329128
4.858861474202219
5.036481004023324
4.853197152568599
4.841776319635916
5.046799034722647
5.211940565681631
4.983322733422804
5.051460750419035
5.32219617939891
4.52448218966583
4.772756014771078
4.592533419732101
4.183455065807125
4.066132424454261
4.12332852277338
3.860546432282297
3.5155182594823855
3.7037570940635764
4.006587799596033
3.8351114673555906
3.6141988899311497
4.014523771139599
3.9798028128229657
3.8222525939840555
3.7317697411062616
3.944055531771456
3.8335583819471584
4.332124262092767
4.448144934214995
4.194580011108444
4.29217539422593
4.123415220691511
3.847188261367552
3.7801652128066316
3.869246240524057
3.845698875728498
3.7028113816730657
3.2137187993874967
3.4571873673099467
3.3902329427435176
3.0994862427322385
3.219751273371187
2.9580432945243165
3.30827556131856
2.8871493215122817
3.1863088132055233
3.034199769039633
3.0069143522145296
3.005673839857425
3.108468645534961
3.158605068444126
3.308863158797103
3.760543509682411
3.5197840197724406
3.272263342000727
3.2968834470945816
3.4474572902346465
3.5020279615480456
3.3611886949149907
3.40026121263987
3.2333668995621516
2.6389903638166516
2.4412771135143516
2.2613446004098234
2.2054677140093237
2.485486946258853
2.520978000290742
2.454572683756442
2.2811529279773994
1.9811496547073624
2.0597633485822904
2.1457125090210605
2.364486355732586
3.142043359861066
3.2714258970767136
3.1712900909963135
3.276570975317694
2.878745370763227
2.8895058646196166
2.8739384041256653
2.9881868914372496
3.2094005909525616
3.5479118104182565
4.153583480599203
4.32399064963309
4.432669914094733
4.655623288489294
4.95710900531402
5.041685020372428
5.37580747364774
5.253321715745227
5.250998676627606
5.309239268939267
4.946821037799673
5.303872663657543
5.256789445035581
5.391804712573916
5.505158359298652
5.702985300234435
5.914838826974962
6.209089324614957
6.4383151880110345
6.612036746271919
6.506141324576469
6.906349222452599
7.0649317992831975
7.088233584196903
7.388850297162686
7.467512524684583
7.293667168654783
7.232255008489911
7.077076697222332
6.96109165675013
6.99878130793761
7.021062443519179
7.017334080299527
6.986421571711317
6.782610619339356
6.636469700219095
6.102404452289642
6.16286432684746
6.181103537519968
6.063962432526934
5.9914710617451155
5.729248853444366
5.356954865424641
5.090926199472399
5.0148098536042625
4.8421174616250235
4.998134645275706
4.798456394320567
5.077311239951297
5.115247557177124
4.95667609663931
5.463517718717377
5.300292764372137
4.614164038348085
4.505096276452401
4.3876740789050865
4.699873925855402
4.383823804744023
4.376381067066438
4.860656134091198
3.7504428318712417
3.6394392657910246
3.467666783125939
3.4703435088487007
3.9213852926919865
3.982759136063975
4.067404268580058
3.9774535075548956
4.000404704740019
4.090481841268463
4.190295662706005
4.238292764915737
4.2303904299831245
4.295799003474302
4.151888820586799
4.368604812369436
4.539274316388095
4.726100608758611
5.093093521173818
5.2118023655326855
5.3746856106769005
5.295024315489887
5.2829214927073265
5.4638899234553335
5.2423344856473895
5.1472738351867635
5.395622550828413
4.533887835762548
4.654850225368488
4.956018132398917
4.922927044530826
4.89357634270609
5.056794837983983
5.532960514794652
5.778313083661768
5.0493533393897145
5.3318683085356495
5.439950212339638
5.743029111858535
5.782579399378882
5.77241670925807
6.056678106465157
5.211476373087967
5.310037209340102
5.290606221762067
5.427759782643997
5.448315490433181
5.626701988618899
5.534336239039762
5.650878807422277
5.889649018906944
5.726061360427683
5.267086747948254
5.431520750664761
5.382409567864179
5.254740868062576
5.357050079024231
5.2641150066873665
5.082481659267833
5.125643318348468
5.30210691749184
5.309201692765437
4.948270079644776
4.657397540364176
4.773671284911397
4.571969988927765
5.014173067661568
5.075302981430636
4.9810412425986
5.013215040605613
4.815140737450635
4.335121141008594
4.1522506324138195
3.980062888492317
3.8484368530247406
3.8552016639377262
3.717245975494424
3.6445861488221496
3.6168546104581543
4.070436534418075
3.986104187137
3.891541389339695
3.9319867217152584
4.10679763087962
4.116795199764641
3.9290961603948538
4.0554323984946326
4.222033884907512
4.5191791974595095
4.74112507945916
5.232475754862321
5.563947775263615
5.465356007279281
5.274218835229045
5.21742965594975
5.01664033314826
4.577779192649515
4.4887716968248315
4.691651503310988
4.5267492224139465
4.410176811114002
4.1911913567945245
4.156683368804704
4.25600752957805
4.391590395765843
4.27129908264526
4.240933767446655
4.175984143757482
4.032897709453487
3.9420131775890765
3.5185616769618124
3.4219636066085592
3.483405986546078
3.763885232644538
3.68020882274646
3.0267622424762246
2.910656915372175
2.965872016434237
2.859155842213045
2.3549633101891367
2.3220988661120634
2.398556469477699
3.0466737525209227
3.004445240679859
2.5407431233395474
2.2014288927228107
2.038730652158443
1.9450471942064502
2.467201874882356
2.6613098657065732
2.7906387823543684
2.993954809540697
3.0909729788051052
3.34061723382723
3.3584623616986238
3.3170978332131202
3.3297901357413973
3.462705264614406
3.4078343501333563
3.361277957486521
3.230520782803687
3.061509824852268
3.158310401244085
3.540549423243679
3.5508356369304477
3.5056493992852573
3.5105140438673113
3.509432199747764
3.3980388819251828
3.4578755406554507
3.2654037915351277
3.1710809589691116
3.0744894881067473
2.944133130072687
3.037121643503969
3.1599521541125597
3.555066670987032
3.5285321796029496
2.46610137891586
2.4680232693152684
2.995525879539024
2.9830462778734006
2.7596898879741194
2.8790135308044444
2.7584988608074865
2.7418896939040436
2.8548367508974937
3.017505858476141
2.9046310241299027
2.8603043818017015
2.9076708888597103
3.000763156936423
2.9183794371357448
3.165377783235757
3.184791106996043
3.2529760582286764
3.3625641715574206
3.718287041154053
3.5269879499015486
3.39360175498149
3.391762598355346
3.409879654151767
3.7762888605211966
4.03057157331673
4.094764303241241
4.129944487446661
4.321778365973
4.598920161734599
5.003001724926097
5.563227277531929
5.695042294668457
5.7144169143558985
4.689928152292609
4.904506282510416
4.8912073570310355
4.801478298921051
4.593227423000361
4.662002123534407
4.732926238830249
4.54462492646318
4.4785320483367395
4.612693640219669
4.801871268529178
4.462666650994772
4.603452531188035
4.566869027490444
4.614432497429798
4.6378338749905454
4.709235363120504
4.360623396618281
4.425627770878794
4.497056596839394
4.520967415508933
4.755426286562161
5.0080073264551155
5.129961441204232
5.090087719506738
5.078296558890878
4.782520390230773
4.68804900548904
4.564283340453446
4.482731974985124
4.336303086695807
4.167780987015932
3.95616692567759
3.899979292393241
3.4456721053721315
3.3972128801562653
3.752459720834134
3.750837304254001
3.7149882210061174
4.033707210462321
4.090788549687256
3.9949386566273692
4.2764469488105314
4.601437813777699
4.659837928570094
4.2931440471138975
3.9134505194063185
3.8409602828218024
3.79942001567915
3.4457926872375624
3.574272689636336
3.7120174628707217
3.8520757478821404
4.015930951296527
4.193333747899139
4.352872379280972
4.619387700200258
4.117797763675577
4.129988713761849
3.902656849195852
3.749077821082843
3.854832860445545
3.95403747906559
4.078579290955763
4.081332958960252
3.959313738239016
3.890661241844238
3.8939159906748326
3.8380791113505053
3.9881301368984015
4.432082059296331
4.500881744370765
4.711444112281758
4.819441845669365
4.8780784447334415
4.505839818053928
4.291250037835988
4.222741877586695
4.104330052606686
4.134471094984665
4.332899245965254
4.555233078594734
4.714817407066317
4.578099017442554
4.708356059213863
5.017730526014476
4.9814979487619775
5.021087980131438
5.100254314426746
5.08503039809631
4.9817265769617975
4.770036433426666
4.754724455802526
4.5897787300408455
4.765806904852652
4.784704313679266
4.986117721908625
5.428917016522915
5.189518734540883
5.272977707173343
5.292569407186347
5.402548375890674
5.634653800930744
5.882649314435794
5.937021810234988
5.636009828055555
5.826199066012668
5.693875713408287
5.618400736108451
5.462339037062327
5.437980725853308
5.5015724466367395
5.641921844334518
5.348163961835007
5.3837243727787785
5.6081474691495705
5.336629428164838
5.397760865008687
5.324163359948178
5.844860457321665
5.936318366202714
5.613562857089831
5.947815798605804
5.859982943864439
5.857662915208793
5.956838452049286
6.182682713504922
6.640666437746687
6.524808292485798
6.631579082224997
6.369224418795653
6.4013451791557054
6.08835782337462
5.043719546490866
5.388715043323664
5.519826833319089
5.510345938016128
5.559716400547966
5.656688181418711
5.249508884034858
5.265470440511141
5.508217297983623
5.233921040003108
5.376314715224453
5.564565614053758
5.498570240638227
5.456004247548639
5.474307259193153
5.410368375419872
5.879705734702108
5.853720982909106
5.383929014392295
5.236384151904823
5.224648761790625
4.960807704320449
4.965582079255336
4.5282271361595665
4.437987722818076
4.277780686368811
4.48968844454351
4.385865113550984
4.577076390895633
4.539377934422204
4.604085753325638
4.694815071389648
4.59300536941912
4.439921243280576
4.673564498736229
4.855084362669289
5.023297954656185
4.608752941077652
4.660533010550587
4.577727504070154
4.776195014442246
4.850900967243975
4.964659016755888
4.819501316178734
4.5220093529659975
4.457127493363461
4.447486396118741
4.0197371817004495
4.221289562366991
4.179414223481072
4.425690609681639
4.687240823941339
4.724394161486702
4.873831287747014
5.293811336565352
5.59800197400178
5.555172372980859
5.612265710154839
5.4686690527957635
6.01542315211532
5.971982086120897
5.783054824155171
5.891525341128602
5.890389640125685
5.364245453809058
5.576003053336558
5.192576265103662
5.099217065575975
4.917398198565514
4.858220427156765
4.714935714686873
4.616673647706655
4.336543978910803
4.383092328045459
4.816620191811183
4.990225053804816
4.859560100094186
4.943318199807271
4.799237677965777
4.824215773826304
5.02714972971237
4.907918774920846
5.19954065650648
5.41974455671011
5.470396011584253
5.340114245836127
5.017324450836398
4.613900184342338
4.676785339345762
4.80804544491956
5.140409970756729
4.601633443386059
4.8191873292956044
5.146717934407304
5.514729013743744
5.6042494833167416
6.2031725908606425
6.24685893865671
6.128092132558568
6.263600331473654
6.212592264312963
5.758269927419414
6.299140322376494
6.770309573997411
7.266008592552425
7.423872017671951
7.626389678542171
8.001428804303485
8.078266132754734
8.3899917652716
7.744554518110557
7.991117189578326
8.172329095274854
8.394541475861706
8.365753168767483
8.637586016970024
8.03295240598931
8.124109666428975
7.565841892410655
7.459848635748619
7.3297154838257494
7.325406715155621
7.234773357792797
7.352011189538747
7.137861844535399
7.024583853117701
6.838448049069466
7.249138135877983
7.0579535455249625
6.9013854389464235
7.3185237049248295
7.2263555440855125
7.074533709369095
7.128239708920713
7.505518102226773
7.367964680407744
7.26551225000493
6.83702648064822
6.579828687566494
6.327810745600615
6.133222508849863
5.958323268393736
5.830829246559935
5.5057730924965105
5.611706806167097
5.5196264174737095
5.719751226125587
5.491119696540887
5.48450740712122
5.641375581341022
5.6583566980353694
5.310400303123078
5.499434894359462
5.586543387747001
5.63436315603237
5.779691797176803
5.631639554791285
5.910492715745128
5.824530745129097
5.90360968800129
5.810052801409667
5.600765549543172
5.346372842036802
5.5380136485975
5.80203912271792
5.9154344612579575
5.131036335596973
4.613051190135171
4.63294732604438
4.518145311414841
3.946356061154092
3.8349227356580067
3.977507057344361
4.432569591367447
4.168749792582335
4.096911503692379
4.289357790586919
4.610999237956692
4.359147658287554
4.481633595899758
4.542091851683965
4.884617304298986
4.92488208186222
4.677054958531308
4.669304057339367
4.551222427882265
4.535955974471391
4.543757967259818
4.3417986797962165
4.164199659945883
4.158177580739013
4.04226523266572
4.016608358113196
3.723195365043493
3.8506668008915304
4.131779530164203
4.353587991014934
4.580404436258383
4.79353541381438
4.723043657567387
4.761856090352283
4.536093657925777
4.584269608299368
4.778715415221062
4.645542581649956
4.803091579816192
4.630792525036995
4.578985102866649
4.465910408630315
4.445402558669836
4.423093016975758
4.176336520421545
4.224757308732494
3.857505153144988
4.104469034582369
4.13518473059563
3.8682800404441573
3.2456125105981255
3.2007139398291313
3.365230354044107
3.4632775952160846
3.2493234427909634
3.1697580786365784
3.0391314970336865
3.1782724814991568
3.2699530381886364
3.1558801401291325
3.4584952498116395
3.6161578630841404
3.7734536837153767
3.9881407609872346
3.9968491260269685
3.9672589371258726
4.008164336927306
4.0905564528289045
4.0276002417679715
3.6524781198528546
4.0213243138343575
4.08981454852375
4.08970002695739
4.307209953673829
4.313617136458293
4.545142410882317
4.652316285771577
4.855120536548637
4.921972142618672
5.128595567076426
5.35530305668464
5.394982669790569
5.815623765056429
5.83979453304363
5.9099266866650675
6.009530931935112
6.062537608001258
6.23412343870522
5.8472179438465055
5.614285907330069
5.4794522295966885
5.668971719662287
5.502480987369883
5.801415331381821
5.7159987313425
6.005205910160833
5.803315619906559
5.816331939916239
6.134434696999165
6.1990292996350975
6.000346911832211
6.2422392036286585
6.145889915578227
6.072570049592159
6.092721845192704
6.412270871206243
6.326545920172839
5.811705737817902
5.966565384291435
5.714599253496616
5.769872484046877
5.714073941464181
5.78901003782588
5.475590126228283
5.420824078823762
5.1553372488208895
5.258565827524538
5.419537125886335
4.829504905251085
4.829874452132698
4.640482074392916
4.809200292522158
4.8686462409912465
4.97767313946637
5.45733653301636
5.309802440718846
5.386996547580666
5.297527049651276
5.381695795854428
5.203583489841135
5.810580471981979
5.5351451689677145
5.561998114387239
5.427497497647375
4.918611599299783
4.390752419223893
4.374740017752139
4.300462183446909
4.391962394336362
4.38681950422414
4.654918263211235
4.6027432345263755
4.5506483943310325
4.714017504140428
4.668616037921792
4.652411462684235
4.4958340726303305
4.346323603931243
4.326668319161239
4.229566469285346
4.246924450881067
4.1169761337442035
4.304121093956659
4.122411685103774
4.394952630005908
4.178645770582439
4.218865631823072
4.19784381477196
4.096161984680481
4.0788011732339
3.8360365027511114
4.2245833619215425
4.161433431608941
4.398449220521453
4.214824784935856
4.155365338743905
3.968845375434733
3.936498708467817
3.730353734146183
4.039578290989384
3.8006107393683837
4.293971039126392
4.172863156945868
3.997141002601843
3.7472458906449755
3.752731126102134
3.716240410004925
3.776377414486765
3.8335629134633264
3.8925338349976863
3.903900127162387
3.638631156916773
3.6226771441619876
3.5589980804706753
3.2927630260908605
3.0499468802147938
3.0469851336581497
2.7393606295742776
2.4774712866472894
2.9245018313522597
2.199534435338791
2.3720068848877025
2.3228876476238245
2.3366414014852945
2.136390846673659
1.8614948134142506
2.263376247615795
1.6816789748830154
1.916501608631418
1.841078129402679
1.6240771848111706
1.7573891822212209
1.5927491590050182
1.944727326181526
2.0857007327541344
1.9376335461880159
2.0377929036823823
1.830885494566502
1.7412636721635701
1.8694669951843432
2.3035901786381827
2.1747090153685393
2.6069162817393314
2.8450097861018415
2.9114792356624704
3.083066797546302
3.008735327373362
3.0087655899947765
3.212613470023725
3.5371261844465716
3.6201851378833125
3.983200256151377
3.974579828066455
4.500517330879898
4.718321988499624
4.513528138361858
4.599657402871838
4.939833040618979
4.885226672894512
4.6086053420002235
4.66291165274114
4.689418017753396
4.651832142054592
4.853991438335546
5.196963932300095
4.897585933294533
4.949176329355394
5.147291698528432
5.32001690416708
5.129860046492725
5.188370486927128
5.30482476237477
5.219255045875079
5.455224339459321
5.370338523050936
5.265929002201886
5.0349361908549435
5.426574740938854
5.2012361906888485
4.947286211660421
5.091193769257609
5.057890413683018
5.189575515678763
5.066755102659891
4.9850674730264934
4.945902649405974
5.066171244976505
5.250262936832418
5.261707080880288
5.2734632864682816
4.881992401595677
4.88833611151834
4.956460988939248
5.424980526592018
5.355715841531765
5.270962227656119
5.1862168981078165
5.090068284407268
5.032548228738151
4.847635892278278
5.347092945483363
5.6258737433556965
5.596895573083198
5.834016960192676
5.904327306330826
6.019873660614625
5.95223883518014
5.913656701239513
5.885282680380857
5.817367627239093
6.1430525824166144
6.399524533870184
6.153587237046126
6.212808625710553
6.278203590753837
6.381439397548109
6.4775268141346185
6.2074778830757875
6.1802408219721325
6.3573184783042835
6.4888379990939224
6.392080379848026
6.386649368457453
6.26162292133354
6.364066855116616
6.445214882074526
6.5400112479713925
6.480183582422514
6.688348403504783
6.165471335002238
6.138183394455875
6.10918886862124
6.207921664449321
5.8259854569840215
5.6979826373166755
6.450313308050373
5.655137478080687
5.421772528951359
5.975198211710564
5.312447257996457
5.162035018050794
4.834909741396834
4.761097347396638
4.872181218738492
4.944825958896224
4.973458457940558
4.752514651174857
4.544577960095422
4.667391799661194
4.735724539919074
4.606954174708536
4.51212699253838
4.223419368564542
4.642127558528899
4.629463574162265
4.440090268854478
4.534413509792071
4.661096748073118
4.334702203183657
4.421234078068277
4.2630213290428784
4.288425183329761
4.126055364692135
4.289529804398991
4.252711946122408
3.922640030598326
4.112193745315266
4.222246046863757
3.9984794462902187
4.329043770394696
4.427330640217456
3.258327077662082
3.274510287948568
3.2480731530810525
3.0178079235016164
3.1313225302281387
3.1563627121196354
3.41779888617323
3.60185225426724
3.628154668729496
3.635438926449258
3.3281683508127484
3.1943628257954795
3.405163351043655
3.471971474657121
3.299912203770194
3.087707851584649
2.967470008928186
3.180833493444502
3.256764167722795
3.271522786737673
3.3816742323438826
3.3402886009259003
3.1557570609660983
3.1917553446912876
3.2278267897923225
3.0718938844394374
2.654955936246648
3.0422210511432564
2.905957349391441
2.9453177517027815
3.319999446244204
3.1996591768869114
3.168927408800939
3.185197037386527
3.449732824770194
3.5085286158776188
3.6907355151083383
3.579868555389293
3.635425720889349
3.5068588487723598
3.5642765047369456
3.6270411538584373
3.4732708761325854
3.3452527407565706
3.4674757625819415
3.827308177463702
4.0416700764467945
3.9290083838965226
3.8637571793458347
3.79670317885026
3.726266598548719
4.326683538481679
4.540363323249621
4.684401662726361
4.49596600389114
4.446481576402441
4.7704202151792465
4.740409346325158
4.794808274494368
4.966450674444538
5.088715305218714
5.737174832455932
6.418531357391943
5.818652859853054
6.025194095343495
5.944420644436702
6.033734175064927
5.979730904999783
6.139124434164996
6.240669743936654
5.784674962065637
5.5429621255953
5.748919302296503
5.630844144813801
5.613756723029957
5.651511536728848
5.452935996035379
5.559199066418813
5.492359271817494
5.785128332408555
5.6737204429422485
5.130629161756775
4.954201425318592
5.3319711546580555
5.4235250363784315
5.277472138230175
5.426850616908903
5.438845822072692
5.367763608138215
5.291845682219203
5.299731885018449
5.258766311280201
4.825657691085528
4.8938134763573276
5.033365590650146
5.01531935659241
4.7718901668848215
4.47752772249532
4.243759436042273
4.091665589640315
3.9573790654399876
3.9654741409031153
3.5870375700975536
3.6841397021962
3.6070650283252887
3.3942616672496664
3.3172169997238594
3.0724698513499233
2.626431710908361
2.6316422353896844
2.4178415376826803
2.37415135185292
2.49456643142418
2.2207003973704516
2.6271427827479705
2.0498416628194254
2.019886142215939
1.9111718083381117
1.79938175364656
1.6637582071958494
1.499961096125552
1.363276439130868
1.0579986353151936
0.6729481553580245
0.5239253459757921
0.3874244063548963
0.4899519389495322
0.3647608123926871
0.22900742139084077
0.6202484307826198
0.833285025884766
0.7954622519990755
1.1209547344194044
0.9649190590747247
1.1015372380386366
1.238808603689459
1.2885411227009187
1.2303473895099646
1.339806153462837
1.298788480053086
1.5082765253089523
1.8198062830966137
2.1582141311673317
2.585801812600854
2.6963231118960262
3.259609912167692
3.3372205374847805
3.249291805666005
3.2840184392123732
3.7028929011081178
3.7969377533061506
3.693653854985729
3.76228128508941
3.788689881777066
3.851046235345141
4.509728722336865
4.500577356630024
4.4893694721637605
4.943328247179772
4.946760708226048
5.0142609385296115
5.310052070213027
5.4972759938162925
5.1877818898045955
5.242218631662677
5.150567181888497
4.781417972725121
4.626016946909039
4.279432297748812
4.1057489627467
4.149364220380437
4.580454036226989
4.589073002791542
4.571548792751018
4.291871689555479
4.331429860042813
4.101812561799348
4.222817009875614
4.459211971685386
4.322398585291205
4.3457852273854245
3.910248075655535
3.806811243457565
3.8699157758615015
4.119855767497366
4.121556890292051
3.976407022089097
4.127469294793762
4.294965997494637
4.16638028773152
4.200650509615707
3.716863773623982
3.8251189731046056
3.7736908266222184
3.7367690332534536
3.9945955915400866
3.8612690776338003
3.607253852863019
3.194052978094799
3.5729920181426995
3.320002824274063
3.4863690039246764
3.498728688314394
3.6103251272587484
3.6253267327223346
3.891735177527623
4.03690692048534
3.8477580300281438
3.5018682984541
3.437274276834144
3.8718275800680266
3.776801698642359
3.625548250798614
3.2947617527203086
3.1255438875884436
3.167056074375858
3.5652018710470306
3.689195650678117
3.5563566480194204
3.616234765689611
3.3510353424223576
3.179038757343555
3.0554809266217524
3.2390283069795442
3.2367705047998006
3.234576653167808
3.1123202779813086
3.153271191654928
3.323869765693983
3.570688144700716
3.6319627368624463
3.3658094686270243
3.3469088872065456
3.7666433873842995
3.6500660503875983
3.592855927027289
3.451528148200165
2.960049908421127
2.531798847387203
2.5528902917017873
2.377687086784335
2.3069844267257653
2.2298930656842706
2.4289710494018966
2.4880440859484407
2.4949290602653176
2.607814699632967
2.739178647628263
2.9409233317675336
3.256351871101354
3.250968155196404
3.36220158568518
3.0432290751867885
3.0254745046705795
3.010293038789547
3.118862714839667
3.099749763554501
3.4079861289717024
3.4332148826609923
3.0049580897178565
2.979978653196301
3.3234189883551055
3.387818928196666
3.4831480896581413
3.4736622593094397
3.160908508601446
3.016780479185632
3.3184474851317676
3.2922183643057954
3.406458930050208
3.455623756596063
3.514882718755651
3.474596306754517
3.787812723237951
3.836304616252346
4.339523120019333
4.452542514679938
4.337053381825518
4.405111482773235
4.354269167665071
4.155082600385325
4.335222510540465
4.325621169622586
4.4982799852136885
4.542749752702517
4.682995104537434
4.331244473754092
4.163443158749831
3.964850919819663
3.975755294955738
3.9658736757843687
3.93534214153013
4.106216268641857
4.2384008247177585
4.057426492636388
3.922690172896229
4.013500816488489
4.19449972542233
3.9666997123361933
3.9457342060355405
3.967723123423411
3.926809929129043
3.8552912539573767
3.752632800258592
3.9126583016321566
3.758882923331084
3.56420613460585
3.6100067374543605
3.836266144259156
3.724062472890709
3.9764715817934615
3.7146017043887585
3.5605616055991445
3.6595070547021185
3.724689393512797
3.8106542363569313
3.8422780043832856
3.7397360617139923
3.909346021430969
3.347670726685388
3.1491910097990967
3.0825453924450326
3.3009589578851197
3.854136234364644
3.870319279183069
3.8871922575593025
3.802526404441227
3.8765800156718133
3.588150849630538
3.3264210630051574
3.1576568929735083
3.194905535532318
2.977339211303695
2.9958991036521905
3.126604634791336
3.336709879090463
3.2201958517888825
3.6454139173145226
3.943175663812798
4.195941834439616
4.218631784875894
4.0561783836754435
4.286941467356235
4.432819822018887
4.14497176430392
4.269007566541022
4.340711847697082
4.546745423904112
4.789328144233736
5.314704202427085
5.403121884944168
5.427212026975204
5.526126606555158
5.807445612835598
5.499636612545541
5.820016579622668
5.9322772596816575
5.899151195064835
5.573800111690475
5.195614715368868
5.515011626481874
5.64144027567743
5.8790868496831425
6.044135665542577
6.345959719766707
6.311143790528057
6.817263924533151
6.819100545272301
6.556226784607209
6.161801530573063
5.864110244336885
5.748388382743042
5.902602413445553
5.629152744544877
5.246209481822005
5.157426815575347
4.71804462847436
4.660687403832449
4.3043839890974676
4.3505635913712535
4.2257283580888565
4.352274751287758
4.470534833205358
4.530962986788613
4.444701494990866
4.489988450966977
3.8546836547857306
3.9770110850854556
3.90715983360967
3.7186871026211477
3.6330980259037573
3.4167655858425268
3.5240584670721637
3.3419565006398866
2.9989114672633534
3.080594904603959
2.871249402420392
2.3354398496663973
2.2713012387954916
1.9896018645120557
2.0032372098988813
2.1767475022332343
2.1462752209132376
2.15263285665362
2.452424205931377
2.5927721323252486
3.1095681781190594
3.018638236214045
2.9357370811841443
2.7419070801303933
2.8467061317626254
2.4585495556834323
2.774652108450912
2.6231784187201113
2.507395043886378
2.793769520519148
3.044784433636451
3.030749493461511
3.069145201021463
2.6685702390879427
3.001638458118538
2.7246350396934207
2.7557072102330595
2.6858538715815015
3.0291877551942368
2.9022670560058614
3.19743631579028
3.539534621377496
3.610407871664639
3.7710843729564165
4.018155100029001
4.154920711979208
4.292954066794203
4.478439447593597
4.578572155374948
4.590688117798839
4.3002055103059265
4.1845409683522945
4.202546799178208
4.396722322752457
4.455791412417803
4.99570164178504
5.142224405773783
5.237796876796228
5.426669509538878
5.708383688892825
5.659425269165084
5.86153032199322
6.03252139497881
6.023421113062355
6.1554381696493286
5.932956745371997
5.829903865507577
5.7591761057140145
5.706467348765173
5.913906021076294
5.526904821472578
5.38763612890195
5.364860179706467
5.340615430853039
5.468611826678206
5.433501724997377
4.879540845196729
4.518938003869736
4.280375131219988
4.3254500204356745
4.337532137173256
4.051194326728993
4.18724466685591
4.605669832489689
4.619715661781117
4.585424977108228
4.82364081309053
4.697631006423392
4.622566662779539
4.019523436201693
4.098378314149235
4.149794717201367
3.6473763529327403
3.6998791109743943
3.597164656535944
3.4198522154345357
3.348046042518893
3.569254238910684
3.768356734920536
3.8169363402065635
4.010530885638248
4.0073647948348015
4.428792048939392
4.186340793974792
4.20520479550816
3.795606050765228
3.875821110037284
3.9089604642178397
3.822991951228353
4.077012519008381
4.00318797351607
4.1238555195228574
4.306321603001438
4.2800622032053415
4.530266096078864
4.174388778040708
3.9306232748534926
3.888043980969612
3.6924073828556607
3.1292381079134186
2.94659317354857
2.654240427477746
2.757500006232563
2.6972511320730788
2.6581124757346646
2.663455494451967
2.766017496199863
2.4879062695061163
2.759902265725124
2.7244028004094707
2.9655701670808163
2.9289160172216744
2.7767602096544013
2.3898371335704724
1.9665347752241853
1.9467035774628025
1.6144722529174127
1.5868486063654301
1.2415522484274406
1.7385491145660439
1.5291428235883033
1.8293752368428822
1.740463728889785
1.8592773307351196
1.907523659973626
2.069905349317717
2.1134692186612467
2.0708590384527477
2.112462344926337
2.0822151399134765
2.1630748667552027
2.3625242596171296
2.252754316181007
2.3284373849064774
2.4028446650600035
2.7046747640284554
2.783895786049473
3.2556668340318975
3.108649844257904
3.17734543501185
3.3719227194333485
3.235636093280307
3.173223578144487
3.4698718175381065
3.6754203573535067
3.7620974630438906
3.3653700424488004
3.6972846681421037
3.6869081740096776
3.897610942656698
4.218135323567762
4.4135629920014425
4.619075754666879
4.645051834437427
4.504155390459595
4.271570236568474
4.118041913316326
3.800176939402061
4.19986542619611
4.190019130459379
4.253898447828233
4.245754838399957
4.364801901055086
4.382239365758439
4.44242338435677
4.534025387409285
4.563107083628513
4.60910016222739
4.87207477343008
4.625720367780426
4.213928774075103
4.3478042652635835
4.622371054065702
4.7167578540079695
5.008393448512513
5.193884803148863
5.377368151622815
5.352407226151997
5.490208279225436
5.547818456590244
5.382095430856593
5.289911678286743
5.399544280403635
5.561215202291474
5.7353750032850765
5.292129577017277
5.5319912666939
5.665426259352597
5.625782279164992
5.374556967548139
5.446967551801661
5.515360173100179
5.45839600850853
5.578486713781296
5.469381359833278
5.747467927718919
5.781517502315577
5.918120945603781
5.637104089453795
5.651853530476152
5.4353132536222795
5.517652684283214
5.559514494054607
5.373936567659371
5.085000232598059
5.137072471996605
5.107344605339613
5.093910707625502
4.967569340128138
4.906126637445742
5.067573123283228
4.89585282609235
4.80072257698742
4.882614409205017
4.8908747522667
4.790151287502781
4.837861220631779
4.877604351608138
4.80971322426907
4.848874735479914
4.929609249683572
5.17086470378961
5.051696824453006
4.838298058899941
4.792598455887188
4.677816777434058
4.699462607621321
4.549598981550308
4.640334143765742
4.727446301159264
4.822042009203781
4.849313600496175
4.963462770541055
4.903711544095083
5.046623087581929
5.045983433212816
5.115311696606531
5.077082143140805
5.044200721501675
5.181478969785454
5.30270970287663
5.549516478516388
5.400951113228555
5.40695983790229
5.190843696775842
5.247006071933414
4.977208144441618
5.140670064040926
4.944884996407558
5.063231919195521
4.865497849274457
4.641434260632482
4.593494277700063
4.382079458227821
4.4665570262928425
4.506742641347075
4.0079736687155085
3.984675546824845
3.759884938628936
3.9763108224223744
3.697126781416251
3.580546314239874
3.438911078659882
3.0735971291024935
3.361371987162213
3.306856056071415
3.405466980519692
3.17543528755389
2.917567131246383
3.0698840669705176
3.236776673437305
3.0872172951124677
3.273607673307752
3.4029158324296476
3.4057477464238057
3.4269654343735874
3.6073157210133764
3.466856036160221
3.6548533721229832
3.492352277861637
3.679438776502774
3.588218799686735
3.7057384985110655
3.9194306357098876
4.495396677705245
4.461086309355378
4.868618124316392
5.4052690927809035
5.424986392776829
5.272357155740908
5.5254719817489875
5.348651033855916
5.731751632585125
5.926025018714274
5.877922450200478
5.158004584540358
5.547650064574263
5.758709106325293
5.810739013555791
6.554806850248402
6.1494665288739565
6.222287468167231
6.236364209256985
6.390319286647405
6.493405016401809
6.44453512267529
6.070867489464342
6.463570072399899
6.481781365820762
6.130779202069172
5.8163142926423195
5.778027677310446
5.607638542863669
5.645848922797361
5.447307474717919
5.911767570821625
5.473324959448924
5.458990113529111
5.458585515988698
5.058592274760575
4.723096364563477
4.763126611632751
4.808432427910863
4.644609281001492
4.2611851539482934
4.54423238717966
4.483056329860054
4.638516014555371
4.703104059643902
4.292427596442485
4.223265331881719
4.121752799797242
4.27329610263799
4.164638594115531
3.9741888973651265
3.942150484165173
3.853250366827197
3.9217969607989107
4.136589136630625
4.552972589739415
4.743593120819252
4.915861858562078
5.161244856573562
4.907063658628266
4.554891705667172
4.323785980597141
4.59432193763919
4.552979297716525
4.672657044845601
4.811606383152398
4.593788314924239
4.6047825458377005
4.916653012389065
4.859168821899688
4.6872670104892435
4.520781941603811
4.469256046143383
4.465921788956868
4.438247473138252
4.663909564941074
4.695043592427577
4.357672467462492
4.200787051664081
3.9460530726585272
3.443533305032892
3.486720174939535
3.716169687449129
3.686737727516363
3.5114328493243954
3.4186024058987585
3.21473307458676
3.3260429454501144
3.6445555433734578
3.563820359207448
3.697292037261476
3.7557623907526856
3.3963156592524144
3.3492158863657524
2.9774153010114026
3.0196821859810385
3.4601607722756906
3.315555511403071
3.249808375971147
3.8562640306349816
3.62325271919287
3.3096457982093925
4.046841107110328
3.939578158140239
3.793149730204381
3.7500090071479573
3.61196273758023
3.783733663752937
3.6956498234548265
3.7007793512081313
3.527668057321785
3.2106508969619822
3.1813919423706953
3.2992988248736066
3.685920829846773
3.866119264387038
4.230593772564888
4.472544303507116
4.467401987013115
4.611798543151245
4.237635563254784
4.406331269871687
4.771291919937089
5.017173925131178
4.611397745398298
5.13980630577379
5.049483562473457
4.975273654435582
4.778869069813947
4.843572606568262
4.534525736885007
4.482796406642394
4.309139438928378
4.465712783317648
4.953070522416104
4.616624859597882
5.116945425250712
5.205432761337421
4.97439573318946
5.088323163289805
5.209929579539203
4.925819605052009
4.755762546940394
4.609106463199737
4.714083744299898
4.675335627930898
4.695693708726826
4.521256031262463
4.719683213398017
4.748491806068693
4.603629591199376
4.675100985854115
4.562744193868085
4.334937096466889
4.166071280390095
3.9443988858475105
4.053426112516267
4.043030457120133
4.013146346332937
3.6377459763894078
3.8059503139136894
3.7381095621411027
3.990042975410926
4.041730050524702
4.12904334498118
4.286151596235763
4.333676992949514
4.225250461237104
4.740543672941633
4.7285305711174255
4.112737185432621
4.129260827650764
4.0019720250273085
3.9484657282572053
3.755573280351152
3.3903019752474317
3.7923350369415263
4.272717487488414
4.200659217939948
4.417263966305408
4.436117800861638
4.506986595194775
4.566727740769637
4.8445102500596535
4.72138236103249
4.651675510379607
4.86158466397122
4.948061577393716
4.893148704189701
4.944803599733836
5.158759921435839
5.070295810969389
5.071636421559447
4.910998562922186
4.924910432983143
4.9477611970181945
4.864724306937251
4.774255179067064
4.630471463687594
4.64529363587531
4.4691075234703925
4.458595416868757
4.301972741714615
4.774291738478403
4.530000723328493
4.63475466176316
4.772288784897447
4.568715119066677
4.52393193504646
4.547521278662508
4.751475435308306
5.135071145984524
5.0095660657590715
5.013731570208714
5.391417347473818
5.059874733860571
5.13955337714993
5.114405589002202
5.4499957305974664
5.31918395441904
5.439980365329294
5.684626176310295
5.756299729068488
5.905311137825709
5.887812201801124
6.113979235028655
6.026499046972574
6.369176003290794
6.24539859334072
6.37320695895061
6.207342088381155
6.291846357852018
6.301384190918566
6.503180074514453
6.445418962941504
6.297700478154821
6.533731896288328
6.567880531125679
6.7556086647303975
6.8287082146625115
6.880079205377059
6.769433632710939
6.603633174935973
7.1201838649301665
7.115688332206374
6.886109098841552
6.370723463899951
6.499640411728178
6.410007694084168
6.56511571539957
6.674890009261641
6.763950893570261
6.930141103914004
6.686236945048011
6.42535409446986
6.2802267491486985
5.9996238370890556
5.820948248104613
5.222855032776811
5.444695768266762
5.728036460457193
5.664918116381842
5.60958810592982
5.788904595194422
5.964324426065073
5.884923903930843
6.337850776005309
6.430775136455655
6.592831846927144
6.3748831708897065
6.231852920353244
6.09374002546159
5.7791344493710035
5.75107570007848
5.743913424188959
5.97156426151941
6.029984844341217
6.014177314577518
5.901941444075457
5.596139073094689
5.665513180441695
5.747793402308466
6.112470855140399
5.9887067799435165
6.0546789616886585
5.59915556021994
5.537301726638105
5.360651022759547
5.458551579152933
5.89545756246526
5.82355781798843
5.826640520138455
6.480900873273311
6.564087983645048
6.829320849451422
6.620546453598179
6.477166249270777
6.410943110385313
6.4985267808537674
6.471008257035463
6.4498367529308585
5.791738026334489
5.565414540383358
5.187126134806437
4.699405838673486
4.419066771902464
4.1139179398636765
4.1418422320486865
4.24839100703924
4.274288862681484
4.166764406838416
4.000540313782789
3.593633435279936
3.2501372911569066
3.165087380261906
3.1915670741138396
3.1375043655025565
2.845460986925594
2.96006128530046
2.7974534478831203
2.6975301898638855
2.776270391818736
2.703686375156665
2.984868978656013
2.7614685152821954
2.568785530424105
2.4639449715632646
2.180638801800204
1.868294729192043
1.9453107437382946
1.3830181516841085
1.210849373656593
0.890031981478951
1.0465989896004042
1.1993886190403673
1.251705819625065
1.3739917345322161
1.5664383548851941
1.9420718844682183
1.8412713711511963
2.243200096658794
2.1196869911286416
2.2179999630993863
2.422253278177943
2.4972229288569703
2.526974440390027
2.7790222172797483
2.940165317402833
3.369820116663401
3.813251401694259
4.082294852976029
4.310932266581077
4.396270164470115
4.6909122231110425
4.680914682945046
5.025334591549065
5.07277398001696
4.742348659334784
4.9260634574460616
4.563957684256057
4.904359524774502
4.957394216980159
5.1761461619605695
5.022398571351483
4.786618467062399
4.728014319638146
4.878229442018255
4.4966441326618405
4.3422216402800675
4.2276179413668125
4.204703631088047
4.38570533529971
4.318787171645179
4.142847976135145
3.791767018295935
4.728914130626308
4.750529876637227
5.2923045213188775
5.838130683879311
5.872382657043648
5.919327465025393
6.088264239695698
6.185340940880364
5.9469741901475075
5.997279480389518
5.909557396636692
6.080679411066142
6.1447390536434705
6.221336219914334
6.265920381328104
6.268773746969482
6.120328275969319
6.077017504740943
6.27473675707688
6.295455055850793
6.369931302807039
6.000859604983754
6.196666167748638
6.053549566823223
6.176778055005261
6.498013572523955
6.441403083843403
6.428035714394513
6.685334205526892
6.662855528516442
6.970894517103023
6.93776910795289
6.928340291366091
7.155380479056091
7.357405983901909
7.412625387748288
6.48791285399294
6.395668005530272
6.509321864172936
5.738291826350418
5.749591569285492
5.559340361368332
5.597761919459486
5.361869770154308
5.663538765898196
5.845460491422299
5.915916898049233
5.843056414002772
5.6052397467590955
5.5713751545063985
5.33370257551136
5.389874556791452
5.380910537104709
5.548786197401613
5.6338054773584085
5.62726800927629
5.703490923996521
5.754142123682384
5.728983222029075
5.851771234695417
5.994275460325135
5.771574986149947
6.016146744541412
6.1940177289472444
6.147968620467459
6.450961118923403
6.160900223046827
6.393909361195495
6.421684007545005
6.4103330935257175
6.3182681991523095
6.834623270708364
6.729676483147591
6.652223241243991
6.706256489255478
6.809940162480351
6.590471797636773
6.793953362354317
6.784454390617457
6.816276746620561
6.614954188978208
6.408428231298103
6.3412658809624185
6.19670073396533
6.134191845177691
6.068502643966698
6.018830662625356
6.152682478269665
6.2493353641005065
6.281308096769938
6.187800210715555
6.282466550291032
6.150940599480915
6.385152825193163
6.353993029190065
6.04829509177379
6.023386872670931
5.923685753487303
6.085028491313475
5.868282951867276
5.584789094961952
5.182996948622392
5.330711906839465
4.812644731182344
4.832434907724837
4.784984162959685
4.778454079900007
4.3584611338653465
4.362186111870399
4.344364221308572
4.291796392612378
3.9610560897606235
4.002352967602882
4.1375329164992705
4.2862129091771575
4.15858398151476
4.208260564171455
4.00051047573993
4.035498057875992
4.17163430726978
4.286135141858289
4.460523777030511
4.489756585123519
4.475320331500146
4.666284668168457
4.601754459224996
4.473415079338997
4.451223932656795
4.715955980496977
4.402584298333747
4.180445927390204
4.700821729048203
4.751108076245414
4.980947551739647
4.74855605135113
5.00243430557812
4.916800628778491
5.048286755789364
5.006672913414206
5.004270451512644
4.668124698171159
4.757396187802049
4.77949114994061
4.861641570831173
4.782086841650939
4.863227965917462
4.26228847721737
4.617732252949862
4.602734268042799
4.355645191222856
4.213555982316577
4.526423201987091
4.405181780133725
4.33117208472255
4.552205440875209
4.630007695605138
4.827418821795103
4.622457150325571
4.825766380384858
4.859247573027878
4.834503354759176
4.952071241891766
5.33707636948033
5.423940842166002
5.423260251132484
5.780451066994179
5.8909946043426435
5.591942890052277
5.37930566182851
5.245262807798124
5.244147317464346
5.001813394028818
5.041043289967453
5.005891317998991
5.466605508872599
5.448350987442497
5.418668986159115
5.517944041056329
5.5287363808064445
5.846767097953253
5.83337841414699
5.851785266996662
5.924615882967023
6.060076439358227
6.062963339733436
6.153714458680847
6.2741795184502
6.527688096635094
6.796442776624482
6.907691429245349
6.892504251689849
7.115784314879481
6.84928448417374
6.767274704402278
6.4252866169840095
6.224419458738384
6.125763211224953
6.007444541723228
5.919267945838299
5.844135013101696
6.0936571617178705
6.21742225030146
6.121194585069108
6.029181805483985
5.894764319758132
5.996387144574932
6.03319787639504
5.8580672528064355
""
""
""
""
""
""
""
""
""
""
""
""
""
""
""
""
""
""
