branch,site,coherence,category_variance,rate_category
"(Node1612*, Node77*)",2,2.1462931066246886,2.2941500647941577,c1
"(Node1612*, Node77*)",4,2.1388474719045272,2.2941500647941577,c1
"(Node1612*, Node77*)",5,1.5946819023819614,2.2941500647941577,c1
"(Node1612*, Node77*)",6,0.78499610319129332,2.2941500647941577,c1
"(Node1612*, Node77*)",7,2.8616998209726865,2.2941500647941577,c1
"(Node1612*, Node77*)",8,2.1388481394857664,2.2941500647941577,c1
"(Node1612*, Node77*)",9,2.8483208686676189,2.2941500647941577,c1
"(Node1612*, Node77*)",10,1.2088916396589138,2.2941500647941577,c1
"(Node1612*, Node77*)",13,-0.95046416348075091,2.2941500647941577,c1
"(Node1612*, Node77*)",15,1.9810153055646809,2.2941500647941577,c1
"(Node1612*, Node77*)",16,3.1980823023835079,2.2941500647941577,c1
"(Node1612*, Node77*)",17,-0.22062690409382735,2.2941500647941577,c1
"(Node1612*, Node77*)",18,1.4639293179954049,2.2941500647941577,c1
"(Node1612*, Node77*)",19,1.5917260040671177,2.2941500647941577,c1
"(Node1612*, Node77*)",20,1.6362303579324071,2.2941500647941577,c1
"(Node1612*, Node77*)",26,-0.87234101267173547,2.2941500647941577,c1
"(Node1612*, Node77*)",27,-0.25340427256097253,2.2941500647941577,c1
"(Node1612*, Node77*)",28,3.1983198194513318,2.2941500647941577,c1
"(Node1612*, Node77*)",29,2.0934987696512755,2.2941500647941577,c1
"(Node1612*, Node77*)",30,3.1984852832571224,2.2941500647941577,c1
"(Node1612*, Node77*)",31,-0.70065140052418895,2.2941500647941577,c1
"(Node1612*, Node77*)",33,-1.0115949078713307,2.2941500647941577,c1
"(Node1612*, Node77*)",39,-7.5003309863964086e-14,2.2941500647941577,c1
"(Node1612*, Node77*)",41,-0.90999623021015097,2.2941500647941577,c1
"(Node1612*, Node77*)",45,0.62133247131605807,2.2941500647941577,c1
"(Node1612*, Node77*)",47,2.8487725060008864,2.2941500647941577,c1
"(Node1612*, Node77*)",50,3.1984852832571233,2.2941500647941577,c1
"(Node1612*, Node77*)",51,2.8487725060008864,2.2941500647941577,c1
"(Node1612*, Node77*)",52,-0.78193805421307283,2.2941500647941577,c1
"(Node1612*, Node77*)",53,2.1391891145133677,2.2941500647941577,c1
"(Node1612*, Node77*)",54,3.1984852802082697,2.2941500647941577,c1
"(Node1612*, Node77*)",55,2.8278138975962932,2.2941500647941577,c1
"(Node1612*, Node77*)",56,2.6108140737217385,2.2941500647941577,c1
"(Node1612*, Node77*)",57,2.1391891145133677,2.2941500647941577,c1
"(Node1612*, Node77*)",58,2.9253152396006987,2.2941500647941577,c1
"(Node1612*, Node77*)",117,2.1391891120755844,2.2941500647941577,c1
"(Node1612*, Node77*)",118,3.198485267455093,2.2941500647941577,c1
"(Node1612*, Node77*)",121,2.8487725060008864,2.2941500647941577,c1
"(Node1612*, Node77*)",124,2.1391891145133677,2.2941500647941577,c1
"(Node1612*, Node77*)",125,3.1835245407176362,2.2941500647941577,c1
"(Node1612*, Node77*)",126,-0.8609283222631382,2.2941500647941577,c1
"(Node1612*, Node77*)",127,2.3304051746674812,2.2941500647941577,c1
"(Node1612*, Node77*)",129,1.2498652022717029,2.2941500647941577,c1
"(Node1612*, Node77*)",130,1.9982653578917939,2.2941500647941577,c1
"(Node1612*, Node77*)",131,2.8487725060008864,2.2941500647941577,c1
"(Node1612*, Node77*)",137,-0.99210689968368782,2.2941500647941577,c1
"(Node1612*, Node77*)",144,1.9271153711398648,2.2941500647941577,c1
"(Node1612*, Node77*)",147,0.79037580405237073,2.2941500647941577,c1
"(Node1612*, Node77*)",150,-1.0074976856576741,2.2941500647941577,c1
"(Node1612*, Node77*)",170,2.8487725060008864,2.2941500647941577,c1
"(Node1612*, Node77*)",172,2.8487725060008864,2.2941500647941577,c1
"(Node1612*, Node77*)",180,-0.97728576713402804,2.2941500647941577,c1
"(Node1612*, Node77*)",181,2.8487725060008864,2.2941500647941577,c1
"(Node1612*, Node77*)",182,2.8487725060008864,2.2941500647941577,c1
"(Node1612*, Node77*)",183,-1.0076006097552057,2.2941500647941577,c1
"(Node1612*, Node77*)",192,2.8462712432422292,2.2941500647941577,c1
"(Node1612*, Node77*)",193,2.8487725060008864,2.2941500647941577,c1
"(Node1612*, Node77*)",194,2.8487725060008864,2.2941500647941577,c1
"(Node1612*, Node77*)",202,-1.0097446889599997,2.2941500647941577,c1
"(Node1612*, Node77*)",284,-1.0195515172011345e-12,2.2941500647941577,c1
"(Node1612*, Node77*)",285,-1.4253616810512253e-12,2.2941500647941577,c1
"(Node1612*, Node77*)",286,1.2369033043939551e-12,2.2941500647941577,c1
"(Node1612*, Node77*)",288,-9.9919830292179625e-13,2.2941500647941577,c1
"(Node1612*, Node77*)",303,-0.83949552866586696,2.2941500647941577,c1
"(Node1612*, Node77*)",304,2.6910384230015225,2.2941500647941577,c1
"(Node1612*, Node77*)",305,-0.97025932198547249,2.2941500647941577,c1
"(Node1612*, Node77*)",343,-0.89829150817797565,2.2941500647941577,c1
"(Node1612*, Node77*)",344,1.3726512609550743,2.2941500647941577,c1
"(Node1612*, Node77*)",359,2.8487725060008864,2.2941500647941577,c1
"(Node1612*, Node77*)",360,0.19098954527340475,2.2941500647941577,c1
"(Node1612*, Node77*)",362,2.8487725060008864,2.2941500647941577,c1
"(Node1612*, Node77*)",363,1.3958812575643949,2.2941500647941577,c1
"(Node1612*, Node77*)",365,3.0589158894748341,2.2941500647941577,c1
"(Node1612*, Node77*)",369,2.1391891145133677,2.2941500647941577,c1
"(Node1612*, Node77*)",372,2.1215652159650449,2.2941500647941577,c1
"(Node1612*, Node77*)",373,2.137459089982999,2.2941500647941577,c1
"(Node1612*, Node77*)",379,-0.9523228243684162,2.2941500647941577,c1
"(Node1612*, Node77*)",380,-0.76678878455804789,2.2941500647941577,c1
"(Node1612*, Node77*)",384,2.1009679244815223,2.2941500647941577,c1
"(Node1612*, Node77*)",388,1.9806093259788322,2.2941500647941577,c1
"(Node1612*, Node77*)",389,3.1785840425267926,2.2941500647941577,c1
"(Node1612*, Node77*)",390,3.1785825055967289,2.2941500647941577,c1
"(Node1612*, Node77*)",393,2.1376253835777637,2.2941500647941577,c1
"(Node1612*, Node77*)",395,2.1597157873803163,2.2941500647941577,c1
"(Node1612*, Node77*)",400,2.8487725060008864,2.2941500647941577,c1
"(Node1612*, Node77*)",405,-0.71819888525291653,2.2941500647941577,c1
"(Node1612*, Node77*)",407,1.9806202095607404,2.2941500647941577,c1
"(Node1612*, Node77*)",411,1.4277413908165717,2.2941500647941577,c1
"(Node1612*, Node77*)",415,-8.2123055705560835e-14,2.2941500647941577,c1
"(Node1612*, Node77*)",417,2.8474528607462042,2.2941500647941577,c1
"(Node1612*, Node77*)",418,2.1215654873389296,2.2941500647941577,c1
"(Node1612*, Node77*)",419,-0.92227653340232374,2.2941500647941577,c1
"(Node1612*, Node77*)",420,2.1391891145133677,2.2941500647941577,c1
"(Node1612*, Node77*)",427,2.9839773089693926,2.2941500647941577,c1
"(Node1612*, Node77*)",431,1.4940752020451158,2.2941500647941577,c1
"(Node1612*, Node77*)",432,2.8304292396021569,2.2941500647941577,c1
"(Node1612*, Node77*)",433,2.1211656180624301,2.2941500647941577,c1
"(Node1612*, Node77*)",434,2.8487725060158322,2.2941500647941577,c1
"(Node1612*, Node77*)",437,2.1391891145347741,2.2941500647941577,c1
"(Node1612*, Node77*)",440,-1.0076054633320628,2.2941500647941577,c1
"(Node1612*, Node77*)",441,3.198485283344545,2.2941500647941577,c1
"(Node1612*, Node77*)",442,2.2638012966219039e-25,2.2941500647941577,c1
"(Node1612*, Node77*)",443,2.1391891145347741,2.2941500647941577,c1
"(Node1612*, Node77*)",444,1.9271153743110834,2.2941500647941577,c1
"(Node1612*, Node77*)",445,2.1391891145347741,2.2941500647941577,c1
"(Node1612*, Node77*)",446,2.8487725060158322,2.2941500647941577,c1
"(Node1612*, Node77*)",448,2.8487725060158322,2.2941500647941577,c1
"(Node1612*, Node77*)",449,-0.18589193980479515,2.2941500647941577,c1
"(Node1612*, Node77*)",450,2.100801156635189,2.2941500647941577,c1
"(Node1612*, Node77*)",451,2.1391891145231261,2.2941500647941577,c1
"(Node1612*, Node77*)",454,-0.12086983562754389,2.2941500647941577,c1
"(Node1612*, Node77*)",457,-0.15904780859352907,2.2941500647941577,c1
"(Node1612*, Node77*)",458,-0.18819938790086382,2.2941500647941577,c1
"(Node1612*, Node77*)",459,-1.0075378127406209,2.2941500647941577,c1
"(Node1612*, Node77*)",460,-0.9706839624111856,2.2941500647941577,c1
"(Node1612*, Node77*)",461,3.1984852832571233,2.2941500647941577,c1
"(Node1612*, Node77*)",462,3.1941236639703066,2.2941500647941577,c1
"(Node1612*, Node77*)",463,2.8487725060158322,2.2941500647941577,c1
"(Node1612*, Node77*)",464,-0.99008320670929106,2.2941500647941577,c1
"(Node1612*, Node77*)",465,2.1391891145347741,2.2941500647941577,c1
"(Node1612*, Node77*)",466,2.1391891130114566,2.2941500647941577,c1
"(Node1612*, Node77*)",467,-0.87943190993393006,2.2941500647941577,c1
"(Node1612*, Node77*)",469,-0.39769087023764593,2.2941500647941577,c1
"(Node1612*, Node77*)",470,2.1391891145347741,2.2941500647941577,c1
"(Node1612*, Node77*)",471,3.198485283344545,2.2941500647941577,c1
"(Node1612*, Node77*)",472,2.8487725060158322,2.2941500647941577,c1
"(Node1612*, Node77*)",473,2.1391891121065933,2.2941500647941577,c1
"(Node1612*, Node77*)",474,3.198485283344545,2.2941500647941577,c1
"(Node1612*, Node77*)",475,2.8487725060158322,2.2941500647941577,c1
"(Node1612*, Node77*)",476,2.1391891145347741,2.2941500647941577,c1
"(Node1612*, Node77*)",477,2.1389974425906169,2.2941500647941577,c1
"(Node1612*, Node77*)",480,-0.83231896509377312,2.2941500647941577,c1
"(Node1612*, Node77*)",481,2.1391891145347741,2.2941500647941577,c1
"(Node1612*, Node77*)",482,-0.049048683889250759,2.2941500647941577,c1
"(Node1612*, Node77*)",483,2.8487725060158322,2.2941500647941577,c1
"(Node1612*, Node77*)",484,2.8483475864183241,2.2941500647941577,c1
"(Node1612*, Node77*)",486,-0.37193969291815354,2.2941500647941577,c1
"(Node1612*, Node77*)",487,0.63605197424533777,2.2941500647941577,c1
"(Node1612*, Node77*)",491,3.198485283344545,2.2941500647941577,c1
"(Node1612*, Node77*)",492,2.8487724992187307,2.2941500647941577,c1
"(Node1612*, Node77*)",493,2.8289022776568897,2.2941500647941577,c1
"(Node1612*, Node77*)",494,-1.3884471039762585e-13,2.2941500647941577,c1
"(Node1612*, Node77*)",495,-0.33359170865817728,2.2941500647941577,c1
"(Node1612*, Node77*)",499,-0.21804124602563202,2.2941500647941577,c1
"(Node1612*, Node77*)",502,2.446780951683893,2.2941500647941577,c1
"(Node1612*, Node77*)",506,-0.12239393775723562,2.2941500647941577,c1
"(Node1612*, Node77*)",507,2.1391891145347741,2.2941500647941577,c1
"(Node1612*, Node77*)",508,2.8487725060158322,2.2941500647941577,c1
"(Node1612*, Node77*)",512,2.6018542507667783,2.2941500647941577,c1
"(Node1612*, Node77*)",513,2.1391891145347741,2.2941500647941577,c1
"(Node1612*, Node77*)",514,3.1829492620387976,2.2941500647941577,c1
"(Node1612*, Node77*)",516,2.8487725060158322,2.2941500647941577,c1
"(Node1612*, Node77*)",521,-0.76576615387529157,2.2941500647941577,c1
"(Node1612*, Node77*)",523,-0.41856907170712904,2.2941500647941577,c1
"(Node1612*, Node77*)",524,-1.4100098201009625e-13,2.2941500647941577,c1
"(Node1612*, Node77*)",525,-0.82357117267018976,2.2941500647941577,c1
"(Node1612*, Node77*)",526,1.2369033106554775e-12,2.2941500647941577,c1
"(Node1612*, Node77*)",527,-0.97965663472927866,2.2941500647941577,c1
"(Node1612*, Node77*)",532,-0.72594836390167972,2.2941500647941577,c1
"(Node1612*, Node77*)",534,-0.26107749204131303,2.2941500647941577,c1
"(Node1612*, Node77*)",536,-0.77745584944896073,2.2941500647941577,c1
"(Node1612*, Node77*)",552,0.40984717890071409,2.2941500647941577,c1
"(Node1612*, Node77*)",554,-0.77312375963871072,2.2941500647941577,c1
"(Node1612*, Node77*)",557,2.380397175935506,2.2941500647941577,c1
"(Node1612*, Node77*)",561,-1.0115991322427478,2.2941500647941577,c1
"(Node1612*, Node77*)",562,2.2756257951069605,2.2941500647941577,c1
"(Node1612*, Node77*)",563,2.4404055720062865,2.2941500647941577,c1
"(Node1612*, Node77*)",565,-0.82627740775430802,2.2941500647941577,c1
"(Node1612*, Node77*)",577,-0.63544484600486406,2.2941500647941577,c1
"(Node1612*, Node77*)",608,-1.3433304398694078e-13,2.2941500647941577,c1
"(Node1612*, Node77*)",609,1.1591687103250775e-13,2.2941500647941577,c1
"(Node1612*, Node77*)",613,1.413079906379425,2.2941500647941577,c1
"(Node1612*, Node77*)",623,1.980658912544953,2.2941500647941577,c1
"(Node1612*, Node77*)",627,2.8487725060158322,2.2941500647941577,c1
"(Node1612*, Node77*)",628,1.9420223894843789,2.2941500647941577,c1
"(Node1612*, Node77*)",633,-1.3605838236866386e-13,2.2941500647941577,c1
"(Node1612*, Node77*)",634,2.1391891145347741,2.2941500647941577,c1
"(Node1612*, Node77*)",635,2.1391891145347741,2.2941500647941577,c1
"(Node1612*, Node77*)",637,3.1980828209792889,2.2941500647941577,c1
"(Node1612*, Node77*)",639,2.8289022784190148,2.2941500647941577,c1
"(Node1612*, Node77*)",640,2.8487725060158322,2.2941500647941577,c1
"(Node1612*, Node77*)",643,3.1984805582827849,2.2941500647941577,c1
"(Node1612*, Node77*)",646,2.1391891144989228,2.2941500647941577,c1
"(Node1612*, Node77*)",647,-0.64443488216787914,2.2941500647941577,c1
"(Node1612*, Node77*)",648,2.1391891145347741,2.2941500647941577,c1
"(Node1612*, Node77*)",649,3.1984852439614686,2.2941500647941577,c1
"(Node1612*, Node77*)",650,3.198485283344545,2.2941500647941577,c1
"(Node1612*, Node77*)",651,2.8487725060158322,2.2941500647941577,c1
"(Node1612*, Node77*)",652,2.1391891145347741,2.2941500647941577,c1
"(Node1612*, Node77*)",653,3.198485283344545,2.2941500647941577,c1
"(Node1612*, Node77*)",654,-0.25340427388213915,2.2941500647941577,c1
"(Node1612*, Node77*)",655,2.1391890992209879,2.2941500647941577,c1
"(Node1612*, Node77*)",656,3.198485283344545,2.2941500647941577,c1
"(Node1612*, Node77*)",657,3.1951595867391762,2.2941500647941577,c1
"(Node1612*, Node77*)",658,2.1391891145347741,2.2941500647941577,c1
"(Node1612*, Node77*)",659,3.198485283344545,2.2941500647941577,c1
"(Node1612*, Node77*)",660,2.1391891145347741,2.2941500647941577,c1
"(Node1612*, Node77*)",661,2.1391891145347741,2.2941500647941577,c1
"(Node1612*, Node77*)",662,-1.1863406751162116e-13,2.2941500647941577,c1
"(Node1612*, Node77*)",663,2.8487725060158322,2.2941500647941577,c1
"(Node1612*, Node77*)",664,2.8487725060158322,2.2941500647941577,c1
"(Node1612*, Node77*)",666,2.6910718264126992,2.2941500647941577,c1
"(Node1612*, Node77*)",667,3.198485283291185,2.2941500647941577,c1
"(Node1612*, Node77*)",676,2.9064881481792288,2.2941500647941577,c1
"(Node1612*, Node77*)",678,2.8487724136461496,2.2941500647941577,c1
"(Node1612*, Node77*)",679,2.1391891145347741,2.2941500647941577,c1
"(Node1612*, Node77*)",680,3.1872232474117022,2.2941500647941577,c1
"(Node1612*, Node77*)",681,2.0530147187794232,2.2941500647941577,c1
"(Node1612*, Node77*)",682,-0.64049634663248045,2.2941500647941577,c1
"(Node1612*, Node77*)",683,1.2003354709788854,2.2941500647941577,c1
"(Node1612*, Node77*)",687,3.1970969500663093,2.2941500647941577,c1
"(Node1612*, Node77*)",690,-0.79768113796218354,2.2941500647941577,c1
"(Node1612*, Node77*)",692,-0.97285924999731654,2.2941500647941577,c1
"(Node1612*, Node77*)",694,-0.910953700584755,2.2941500647941577,c1
"(Node1612*, Node77*)",696,-7.8302026307151494e-13,2.2941500647941577,c1
"(Node1612*, Node77*)",697,2.1391891145076696,2.2941500647941577,c1
"(Node1612*, Node77*)",698,-1.0119243368057029,2.2941500647941577,c1
"(Node1612*, Node77*)",699,-0.9094864010952487,2.2941500647941577,c1
"(Node1612*, Node77*)",700,-1.0118526282630629,2.2941500647941577,c1
"(Node1612*, Node77*)",701,2.1701773773156359,2.2941500647941577,c1
"(Node1612*, Node77*)",702,-7.8302026307151494e-13,2.2941500647941577,c1
"(Node1612*, Node77*)",703,1.9806589265829726,2.2941500647941577,c1
"(Node1612*, Node77*)",704,2.8487725060158322,2.2941500647941577,c1
"(Node1612*, Node77*)",705,2.8487725060158322,2.2941500647941577,c1
"(Node1612*, Node77*)",706,-0.91132074951877262,2.2941500647941577,c1
"(Node1612*, Node77*)",708,2.1391889512583182,2.2941500647941577,c1
"(Node1612*, Node77*)",712,2.1391891145347741,2.2941500647941577,c1
"(Node1612*, Node77*)",714,2.8487725060158322,2.2941500647941577,c1
"(Node1612*, Node77*)",715,2.1391891145347741,2.2941500647941577,c1
"(Node1612*, Node77*)",716,-0.91753710143991229,2.2941500647941577,c1
"(Node1612*, Node77*)",742,2.041088822153609,2.2941500647941577,c1
"(Node1612*, Node77*)",744,2.5712537563599009,2.2941500647941577,c1
"(Node1612*, Node77*)",745,-0.81950697958397312,2.2941500647941577,c1
"(Node1612*, Node77*)",746,1.6517525638881707,2.2941500647941577,c1
"(Node1612*, Node77*)",754,0.83922677235991117,2.2941500647941577,c1
"(Node1612*, Node77*)",755,2.3540736195052085,2.2941500647941577,c1
"(Node1612*, Node77*)",758,2.6523922627151593,2.2941500647941577,c1
"(Node1612*, Node77*)",759,-0.8558433344663442,2.2941500647941577,c1
"(Node1612*, Node77*)",760,0.033671214519434001,2.2941500647941577,c1
"(Node1612*, Node77*)",780,-1.0072733683620054,2.2941500647941577,c1
"(Node1612*, Node77*)",843,-1.1323204570854074e-12,2.2941500647941577,c1
"(Node1612*, Node77*)",845,3.8343912103663895e-13,2.2941500647941577,c1
"(Node1612*, Node77*)",846,-1.14855299081994e-12,2.2941500647941577,c1
"(Node1612*, Node77*)",849,-9.5812080972532606e-13,2.2941500647941577,c1
"(Node1612*, Node77*)",850,-1.5069038549739654e-12,2.2941500647941577,c1
"(Node1612*, Node77*)",851,1.3146070505842804e-12,2.2941500647941577,c1
"(Node1612*, Node77*)",854,1.2863388116368375e-12,2.2941500647941577,c1
"(Node1612*, Node77*)",855,1.2863388116368375e-12,2.2941500647941577,c1
"(Node1612*, Node77*)",856,1.3159084189868028e-12,2.2941500647941577,c1
"(Node1612*, Node77*)",862,-1.5069038549739654e-12,2.2941500647941577,c1
"(Node1612*, Node77*)",864,-1.5069038549739654e-12,2.2941500647941577,c1
"(Node1612*, Node77*)",866,-1.0919873294935453e-12,2.2941500647941577,c1
"(Node1612*, Node77*)",869,1.3158937131709779e-12,2.2941500647941577,c1
"(Node1612*, Node77*)",871,-1.5069038549739654e-12,2.2941500647941577,c1
"(Node1612*, Node77*)",872,-1.14855299081994e-12,2.2941500647941577,c1
"(Node1612*, Node77*)",873,1.3146090200580908e-12,2.2941500647941577,c1
"(Node1612*, Node77*)",885,-1.4735272137632691e-12,2.2941500647941577,c1
"(Node1612*, Node77*)",887,1.2867831029673429e-12,2.2941500647941577,c1
"(Node1612*, Node77*)",895,-1.508401980536517e-12,2.2941500647941577,c1
"(Node1612*, Node77*)",896,-1.1377695933933661e-12,2.2941500647941577,c1
"(Node1612*, Node77*)",897,-1.0432466268270286e-12,2.2941500647941577,c1
"(Node1612*, Node77*)",898,1.1537237268293364e-12,2.2941500647941577,c1
"(Node1612*, Node77*)",899,-1.4730762390052121e-12,2.2941500647941577,c1
"(Node1612*, Node77*)",900,-1.5069038549739654e-12,2.2941500647941577,c1
"(Node1612*, Node77*)",902,1.2863388116368375e-12,2.2941500647941577,c1
"(Node1612*, Node77*)",903,-1.1508038689935967e-12,2.2941500647941577,c1
"(Node1612*, Node77*)",905,6.7211706926909531e-13,2.2941500647941577,c1
"(Node1612*, Node77*)",953,1.2686480697135216e-12,2.2941500647941577,c1
"(Node1612*, Node77*)",957,-7.5650169324169219e-13,2.2941500647941577,c1
"(Node1612*, Node77*)",959,-1.4100098201009625e-13,2.2941500647941577,c1
"(Node1612*, Node77*)",960,0.22055216374435616,2.2941500647941577,c1
"(Node1612*, Node77*)",973,2.1391891145347506,2.2941500647941577,c1
"(Node1612*, Node77*)",976,-1.5084019863334185e-12,2.2941500647941577,c1
"(Node1612*, Node77*)",983,2.121547474560741,2.2941500647941577,c1
"(Node1612*, Node77*)",984,2.6499546510383998,2.2941500647941577,c1
"(Node1612*, Node77*)",985,2.8487725060158322,2.2941500647941577,c1
"(Node1612*, Node77*)",993,2.026171848767909,2.2941500647941577,c1
"(Node1612*, Node77*)",994,-0.33439412937061319,2.2941500647941577,c1
"(Node1612*, Node77*)",996,2.8487725060158322,2.2941500647941577,c1
"(Node1612*, Node77*)",997,1.3987624123498454,2.2941500647941577,c1
"(Node1612*, Node77*)",1000,2.1391891145347741,2.2941500647941577,c1
"(Node1612*, Node77*)",1001,-1.0688723096918244e-13,2.2941500647941577,c1
"(Node1612*, Node77*)",1004,2.8487725060158322,2.2941500647941577,c1
"(Node1612*, Node77*)",1005,2.8487725060158322,2.2941500647941577,c1
"(Node1612*, Node77*)",1006,0.90928286041387962,2.2941500647941577,c1
"(Node1612*, Node77*)",1008,2.1937045892376066,2.2941500647941577,c1
"(Node1612*, Node77*)",1010,1.0264524216169693,2.2941500647941577,c1
"(Node1612*, Node77*)",1011,-0.15286398834229364,2.2941500647941577,c1
"(Node1612*, Node77*)",1012,1.9334174136205551,2.2941500647941577,c1
"(Node1612*, Node77*)",1013,2.8487725060158322,2.2941500647941577,c1
"(Node1612*, Node77*)",1015,2.32764064133075,2.2941500647941577,c1
"(Node1612*, Node77*)",1016,3.1415724143920145,2.2941500647941577,c1
"(Node1612*, Node77*)",1023,2.1391891145347741,2.2941500647941577,c1
"(Node1612*, Node77*)",1024,2.8487725060017124,2.2941500647941577,c1
"(Node1612*, Node77*)",1025,2.3147070979386091,2.2941500647941577,c1
"(Node1612*, Node77*)",1029,3.198485283344545,2.2941500647941577,c1
"(Node1612*, Node77*)",1035,2.1391890946953174,2.2941500647941577,c1
"(Node1612*, Node77*)",1036,3.1967286388810221,2.2941500647941577,c1
"(Node1612*, Node77*)",1037,2.1391891145347741,2.2941500647941577,c1
"(Node1612*, Node77*)",1038,1.9271153739138078,2.2941500647941577,c1
"(Node1612*, Node77*)",1039,2.8487725060158322,2.2941500647941577,c1
"(Node1612*, Node77*)",1041,2.1374965054552164,2.2941500647941577,c1
"(Node1612*, Node77*)",1042,3.1984852610055166,2.2941500647941577,c1
"(Node1612*, Node77*)",1051,-1.0075974236441836,2.2941500647941577,c1
"(Node1612*, Node77*)",1065,3.1983337422105595,2.2941500647941577,c1
"(Node1612*, Node77*)",1066,-1.4100098201009625e-13,2.2941500647941577,c1
"(Node1612*, Node77*)",1067,1.2220545699236622e-13,2.2941500647941577,c1
"(Node1612*, Node77*)",1068,-1.0052216892568491,2.2941500647941577,c1
"(Node1612*, Node77*)",1070,-1.3211066162761703e-13,2.2941500647941577,c1
"(Node1612*, Node77*)",1071,3.1377148065259748,2.2941500647941577,c1
"(Node1612*, Node77*)",1073,2.8474528743100294,2.2941500647941577,c1
"(Node1612*, Node77*)",1078,3.1984852675425137,2.2941500647941577,c1
"(Node1612*, Node77*)",1079,2.1391891015162265,2.2941500647941577,c1
"(Node1612*, Node77*)",1080,2.8487725060158322,2.2941500647941577,c1
"(Node1612*, Node77*)",1081,2.8089319651613396,2.2941500647941577,c1
"(Node1612*, Node77*)",1082,1.9806587099295552,2.2941500647941577,c1
"(Node1612*, Node77*)",1083,2.1391891145347741,2.2941500647941577,c1
"(Node1612*, Node77*)",1084,3.193364741126584,2.2941500647941577,c1
"(Node1612*, Node77*)",1087,2.1391891136081558,2.2941500647941577,c1
"(Node1612*, Node77*)",1088,2.1009679245023425,2.2941500647941577,c1
"(Node1612*, Node77*)",1089,2.1391891008439243,2.2941500647941577,c1
"(Node1612*, Node77*)",1091,1.9271153718858487,2.2941500647941577,c1
"(Node1612*, Node77*)",1093,2.1920198104902333,2.2941500647941577,c1
"(Node1612*, Node77*)",1095,2.8487725060158322,2.2941500647941577,c1
"(Node1612*, Node77*)",1096,2.8487725054174646,2.2941500647941577,c1
"(Node1612*, Node77*)",1099,-1.0004461736954637,2.2941500647941577,c1
"(Node1612*, Node77*)",1100,2.1391891145347741,2.2941500647941577,c1
"(Node1612*, Node77*)",1101,2.8487725060158322,2.2941500647941577,c1
"(Node1612*, Node77*)",1102,2.2638012966219039e-25,2.2941500647941577,c1
"(Node1612*, Node77*)",1103,2.8404971991077259,2.2941500647941577,c1
"(Node1612*, Node77*)",1104,2.8487725060158322,2.2941500647941577,c1
"(Node1612*, Node77*)",1105,2.1391891145347741,2.2941500647941577,c1
"(Node1612*, Node77*)",1106,2.8474528743100294,2.2941500647941577,c1
"(Node1612*, Node77*)",1107,-1.0003985874385781,2.2941500647941577,c1
"(Node1612*, Node77*)",1108,2.8487725060158322,2.2941500647941577,c1
"(Node1612*, Node77*)",1109,3.198485283344545,2.2941500647941577,c1
"(Node1612*, Node77*)",1110,3.198485283344545,2.2941500647941577,c1
"(Node1612*, Node77*)",1111,-0.75598526205708327,2.2941500647941577,c1
"(Node1612*, Node77*)",1114,2.139189114512404,2.2941500647941577,c1
"(Node1612*, Node77*)",1115,2.2638012966219039e-25,2.2941500647941577,c1
"(Node1612*, Node77*)",1116,2.8487725060158322,2.2941500647941577,c1
"(Node1612*, Node77*)",1117,2.0774088745011525,2.2941500647941577,c1
"(Node1612*, Node77*)",1118,2.1806269603863142,2.2941500647941577,c1
"(Node1612*, Node77*)",1119,3.1951598893241853,2.2941500647941577,c1
"(Node1612*, Node77*)",1120,3.1984852832206165,2.2941500647941577,c1
"(Node1612*, Node77*)",1124,3.198485283344545,2.2941500647941577,c1
"(Node1612*, Node77*)",1127,2.6233737929146344,2.2941500647941577,c1
"(Node1612*, Node77*)",1128,2.8487724876320693,2.2941500647941577,c1
"(Node1612*, Node77*)",1129,2.8487725060158322,2.2941500647941577,c1
"(Node1612*, Node77*)",1130,2.8487725060158322,2.2941500647941577,c1
"(Node1612*, Node77*)",1131,3.1984852832206303,2.2941500647941577,c1
"(Node1612*, Node77*)",1134,-1.2156188038464584e-12,2.2941500647941577,c1
"(Node1612*, Node77*)",1135,2.1376253835992274,2.2941500647941577,c1
"(Node1612*, Node77*)",1141,3.1686885837916581,2.2941500647941577,c1
"(Node1612*, Node77*)",1187,2.1391891145165172,2.2941500647941577,c1
"(Node1612*, Node77*)",1190,2.8487725060030886,2.2941500647941577,c1
"(Node1612*, Node77*)",1191,2.8487725060030886,2.2941500647941577,c1
"(Node1612*, Node77*)",1192,-0.5370968155951793,2.2941500647941577,c1
"(Node1612*, Node77*)",1194,3.1984852832696644,2.2941500647941577,c1
"(Node1612*, Node77*)",1197,0.097204479046842041,2.2941500647941577,c1
"(Node1612*, Node77*)",1198,1.8509328264303151,2.2941500647941577,c1
"(Node1612*, Node77*)",1199,1.5900090876653232,2.2941500647941577,c1
"(Node1612*, Node77*)",1209,3.1984277826778973,2.2941500647941577,c1
"(Node1612*, Node77*)",1210,-1.1009607286104529e-13,2.2941500647941577,c1
"(Node1612*, Node77*)",1212,3.0198533098221265,2.2941500647941577,c1
"(Node1612*, Node77*)",1213,-1.0118526282783489,2.2941500647941577,c1
"(Node1612*, Node77*)",1214,0.42717319703875078,2.2941500647941577,c1
"(Node1612*, Node77*)",1215,2.1391891145165172,2.2941500647941577,c1
"(Node1612*, Node77*)",1216,2.1205285716664246,2.2941500647941577,c1
"(Node1612*, Node77*)",1217,2.1391891145165172,2.2941500647941577,c1
"(Node1612*, Node77*)",1219,2.8487725060030886,2.2941500647941577,c1
"(Node1612*, Node77*)",1221,1.1435353225436057e-12,2.2941500647941577,c1
"(Node1612*, Node77*)",1222,2.8487725060030886,2.2941500647941577,c1
"(Node1612*, Node77*)",1223,3.0932943964233663,2.2941500647941577,c1
"(Node1612*, Node77*)",1224,2.1205285677709749,2.2941500647941577,c1
"(Node1612*, Node77*)",1227,3.1984852832700135,2.2941500647941577,c1
"(Node1612*, Node77*)",1228,2.1391891145165172,2.2941500647941577,c1
"(Node1612*, Node77*)",1229,3.1984852832700135,2.2941500647941577,c1
"(Node1612*, Node77*)",1230,2.8487725060030886,2.2941500647941577,c1
"(Node1612*, Node77*)",1231,2.8487725060030886,2.2941500647941577,c1
"(Node1612*, Node77*)",1232,2.1391891145165172,2.2941500647941577,c1
"(Node1612*, Node77*)",1235,-0.69997492994395161,2.2941500647941577,c1
"(Node1612*, Node77*)",1237,2.8487725060030886,2.2941500647941577,c1
"(Node1612*, Node77*)",1238,2.8487725060030886,2.2941500647941577,c1
"(Node1612*, Node77*)",1239,2.8487725060030886,2.2941500647941577,c1
"(Node1612*, Node77*)",1240,3.1984852832700135,2.2941500647941577,c1
"(Node1612*, Node77*)",1241,0.12848928367885892,2.2941500647941577,c1
"(Node1612*, Node77*)",1242,2.7697950033886691,2.2941500647941577,c1
"(Node1612*, Node77*)",1243,-0.29489043104003665,2.2941500647941577,c1
"(Node1612*, Node77*)",1244,2.8487725060030886,2.2941500647941577,c1
"(Node1612*, Node77*)",1245,2.8487725060030886,2.2941500647941577,c1
"(Node1612*, Node77*)",1246,2.1391613090675143,2.2941500647941577,c1
"(Node1612*, Node77*)",1248,1.9271153743015383,2.2941500647941577,c1
"(Node1612*, Node77*)",1249,2.8487725060030886,2.2941500647941577,c1
"(Node1612*, Node77*)",1250,0.72038806971106095,2.2941500647941577,c1
"(Node1612*, Node77*)",1251,1.2218172213435008e-13,2.2941500647941577,c1
"(Node1612*, Node77*)",1252,2.1391891145165172,2.2941500647941577,c1
"(Node1612*, Node77*)",1253,2.6364293908313359,2.2941500647941577,c1
"(Node1612*, Node77*)",1254,3.1984852832700135,2.2941500647941577,c1
"(Node1612*, Node77*)",1255,2.1391891145165172,2.2941500647941577,c1
"(Node1612*, Node77*)",1256,2.1391891145165172,2.2941500647941577,c1
"(Node1612*, Node77*)",1257,-0.91132086585227223,2.2941500647941577,c1
"(Node1612*, Node77*)",1258,-0.21804124600687858,2.2941500647941577,c1
"(Node1612*, Node77*)",1261,2.1140800078140809,2.2941500647941577,c1
"(Node1612*, Node77*)",1262,3.0933626896887505,2.2941500647941577,c1
"(Node1612*, Node77*)",1263,2.0870631404087137,2.2941500647941577,c1
"(Node1612*, Node77*)",1264,-1.14855299081994e-12,2.2941500647941577,c1
"(Node1612*, Node77*)",1265,3.1984852363418166,2.2941500647941577,c1
"(Node1612*, Node77*)",1267,2.8487725059605968,2.2941500647941577,c1
"(Node1612*, Node77*)",1268,3.1984852832700095,2.2941500647941577,c1
"(Node1612*, Node77*)",1269,-0.77335251259765347,2.2941500647941577,c1
"(Node1612*, Node77*)",1270,2.8487725060030886,2.2941500647941577,c1
"(Node1612*, Node77*)",1271,2.1391885871390226,2.2941500647941577,c1
"(Node1612*, Node77*)",1272,0.94531057518031791,2.2941500647941577,c1
"(Node1612*, Node77*)",1274,2.1391891145165163,2.2941500647941577,c1
"(Node1612*, Node77*)",1275,0.81033580220466428,2.2941500647941577,c1
"(Node1612*, Node77*)",1276,2.1391891145165163,2.2941500647941577,c1
"(Node1612*, Node77*)",1277,2.0820582280732562,2.2941500647941577,c1
"(Node1612*, Node77*)",1278,2.848772480015779,2.2941500647941577,c1
"(Node1612*, Node77*)",1282,-0.96174125804541033,2.2941500647941577,c1
"(Node1612*, Node77*)",1283,2.1391891112658601,2.2941500647941577,c1
"(Node1612*, Node77*)",1284,3.194649297048481,2.2941500647941577,c1
"(Node1612*, Node77*)",1285,2.1391891145165163,2.2941500647941577,c1
"(Node1612*, Node77*)",1286,2.1391891145165163,2.2941500647941577,c1
"(Node1612*, Node77*)",1287,3.1983808321846254,2.2941500647941577,c1
"(Node1612*, Node77*)",1288,-0.89896981241623086,2.2941500647941577,c1
"(Node1612*, Node77*)",1290,2.8487725060030886,2.2941500647941577,c1
"(Node1612*, Node77*)",1291,2.8487725060030886,2.2941500647941577,c1
"(Node1612*, Node77*)",1292,0.57262332398374949,2.2941500647941577,c1
"(Node1612*, Node77*)",1293,2.2606823345349167,2.2941500647941577,c1
"(Node1612*, Node77*)",1294,-0.20006118012553026,2.2941500647941577,c1
"(Node1612*, Node77*)",1295,2.1391891134383423,2.2941500647941577,c1
"(Node1612*, Node77*)",1296,2.8487725060030886,2.2941500647941577,c1
"(Node1612*, Node77*)",1301,2.8487723135495111,2.2941500647941577,c1
"(Node1612*, Node77*)",1302,3.1960704615741582,2.2941500647941577,c1
"(Node1612*, Node77*)",1304,3.1984852832700095,2.2941500647941577,c1
"(Node1612*, Node77*)",1305,-0.39082486009492495,2.2941500647941577,c1
"(Node1612*, Node77*)",1309,2.8487725060028333,2.2941500647941577,c1
"(Node1612*, Node77*)",1310,1.9271153743015383,2.2941500647941577,c1
"(Node1612*, Node77*)",1312,3.1984844032980577,2.2941500647941577,c1
"(Node1612*, Node77*)",1313,-0.88138979144241847,2.2941500647941577,c1
"(Node1612*, Node77*)",1315,2.8487725060030886,2.2941500647941577,c1
"(Node1612*, Node77*)",1316,3.1984852832700095,2.2941500647941577,c1
"(Node1612*, Node77*)",1317,3.1984852832700095,2.2941500647941577,c1
"(Node1612*, Node77*)",1323,-1.150871105184059e-12,2.2941500647941577,c1
"(Node1612*, Node77*)",1325,2.0501932302171681,2.2941500647941577,c1
"(Node1612*, Node77*)",1326,-0.25336333538470573,2.2941500647941577,c1
"(Node1612*, Node77*)",1328,-0.29563746967654059,2.2941500647941577,c1
"(Node1612*, Node77*)",1359,1.2220545699155015e-13,2.2941500647941577,c1
"(Node1612*, Node77*)",1361,-8.8049279181360105e-14,2.2941500647941577,c1
"(Node1612*, Node77*)",1393,0.39954267339785959,2.2941500647941577,c1
"(Node1612*, Node77*)",1394,1.4997649442012269,2.2941500647941577,c1
"(Node1612*, Node77*)",1395,-0.9709845975430641,2.2941500647941577,c1
"(Node1612*, Node77*)",1409,-1.0205909768966162e-13,2.2941500647941577,c1
"(Node1612*, Node77*)",1410,1.4160024539069447,2.2941500647941577,c1
"(Node1612*, Node77*)",1411,2.1391891145165163,2.2941500647941577,c1
"(Node1612*, Node77*)",1412,2.1391891145165163,2.2941500647941577,c1
"(Node1612*, Node77*)",1413,-0.49080919326993011,2.2941500647941577,c1
"(Node1612*, Node77*)",1414,2.1391891145165163,2.2941500647941577,c1
"(Node1612*, Node77*)",1416,-1.0134392973411293e-12,2.2941500647941577,c1
"(Node1612*, Node77*)",1417,2.1391883741524089,2.2941500647941577,c1
"(Node1612*, Node77*)",1418,3.1984852832700095,2.2941500647941577,c1
"(Node1612*, Node77*)",1419,2.8487725060030886,2.2941500647941577,c1
"(Node1612*, Node77*)",1420,-0.96083658809829575,2.2941500647941577,c1
"(Node1612*, Node77*)",1421,2.1391891145165163,2.2941500647941577,c1
"(Node1612*, Node77*)",1422,2.1391891145165163,2.2941500647941577,c1
"(Node1612*, Node77*)",1424,3.198317251713811,2.2941500647941577,c1
"(Node1612*, Node77*)",1425,2.1391891145165163,2.2941500647941577,c1
"(Node1612*, Node77*)",1426,3.1216637170432069,2.2941500647941577,c1
"(Node1612*, Node77*)",1427,0.92146498699698587,2.2941500647941577,c1
"(Node1612*, Node77*)",1428,-0.99665401046064972,2.2941500647941577,c1
"(Node1612*, Node77*)",1429,2.7884398808216257,2.2941500647941577,c1
"(Node1612*, Node77*)",1430,3.1909282949197877,2.2941500647941577,c1
"(Node1612*, Node77*)",1431,2.8031573973860757,2.2941500647941577,c1
"(Node1612*, Node77*)",1432,2.1391889512401105,2.2941500647941577,c1
"(Node1612*, Node77*)",1433,3.1096142368772384,2.2941500647941577,c1
"(Node1612*, Node77*)",1434,1.2656118198514683,2.2941500647941577,c1
"(Node1612*, Node77*)",1435,3.1944785865887591,2.2941500647941577,c1
"(Node1612*, Node77*)",1436,2.1391891145165163,2.2941500647941577,c1
"(Node1612*, Node77*)",1437,-9.3330248585777859e-13,2.2941500647941577,c1
"(Node1612*, Node77*)",1438,2.1391890508496001,2.2941500647941577,c1
"(Node1612*, Node77*)",1441,2.1368755526136445,2.2941500647941577,c1
"(Node1612*, Node77*)",1442,3.1871974100832396,2.2941500647941577,c1
"(Node1612*, Node77*)",1443,2.1391891145165163,2.2941500647941577,c1
"(Node1612*, Node77*)",1444,2.8487725060030886,2.2941500647941577,c1
"(Node1612*, Node77*)",1447,3.1250724148342255,2.2941500647941577,c1
"(Node1612*, Node77*)",1448,2.1391890537786717,2.2941500647941577,c1
"(Node1612*, Node77*)",1449,2.7179045333177108,2.2941500647941577,c1
"(Node1612*, Node77*)",1454,-0.55493302803871547,2.2941500647941577,c1
"(Node1612*, Node77*)",1455,0.17504912018990013,2.2941500647941577,c1
"(Node1612*, Node77*)",1456,1.2250748016289275,2.2941500647941577,c1
"(Node1612*, Node77*)",1457,2.8487725060030886,2.2941500647941577,c1
"(Node1612*, Node77*)",1458,1.8806908731179268,2.2941500647941577,c1
"(Node1612*, Node77*)",1459,-0.39932134701356736,2.2941500647941577,c1
"(Node1612*, Node77*)",1460,2.1937045892471758,2.2941500647941577,c1
"(Node1612*, Node77*)",1465,2.8487725060030886,2.2941500647941577,c1
"(Node1612*, Node77*)",1466,2.8487725060030886,2.2941500647941577,c1
"(Node1612*, Node77*)",1467,3.1984852832700095,2.2941500647941577,c1
"(Node1612*, Node77*)",1468,2.1391890792246913,2.2941500647941577,c1
"(Node1612*, Node77*)",1469,2.8487720526984113,2.2941500647941577,c1
"(Node1612*, Node77*)",1470,2.1202995290768101,2.2941500647941577,c1
"(Node1612*, Node77*)",1471,3.1984852674679791,2.2941500647941577,c1
"(Node1612*, Node77*)",1472,2.1391891145165163,2.2941500647941577,c1
"(Node1612*, Node77*)",1473,2.0531161448671544,2.2941500647941577,c1
"(Node1612*, Node77*)",1474,1.524839851223444,2.2941500647941577,c1
"(Node1612*, Node77*)",1475,2.8487725060030886,2.2941500647941577,c1
"(Node1612*, Node77*)",1476,3.1951595037492946,2.2941500647941577,c1
"(Node1612*, Node77*)",1477,3.1951591871139531,2.2941500647941577,c1
"(Node1612*, Node77*)",1478,3.1688617410053475,2.2941500647941577,c1
"(Node1612*, Node77*)",1491,1.7819989327476873,2.2941500647941577,c1
"(Node1612*, Node77*)",1492,1.0890546712621754,2.2941500647941577,c1
"(Node1612*, Node77*)",1525,-0.96754767745569858,2.2941500647941577,c1
"(Node1612*, Node77*)",1526,-0.98174726196431317,2.2941500647941577,c1
"(Node1612*, Node77*)",1535,2.8487724136334056,2.2941500647941577,c1
"(Node1612*, Node77*)",1536,3.1984852626797324,2.2941500647941577,c1
"(Node1612*, Node77*)",1538,-0.32083745357115812,2.2941500647941577,c1
"(Node1612*, Node77*)",1555,0.33380296477271026,2.2941500647941577,c1
"(Node1612*, Node77*)",1556,2.1391891094069768,2.2941500647941577,c1
"(Node1612*, Node77*)",1557,2.1391891053904333,2.2941500647941577,c1
"(Node1612*, Node77*)",1558,2.7549974902521801,2.2941500647941577,c1
"(Node1612*, Node77*)",1559,2.8471717025333545,2.2941500647941577,c1
"(Node1612*, Node77*)",1560,1.3986038340675135,2.2941500647941577,c1
"(Node1612*, Node77*)",1561,0.15042581115018613,2.2941500647941577,c1
"(Node1612*, Node77*)",1565,0.093508627872750494,2.2941500647941577,c1
"(Node1612*, Node77*)",1566,2.1009679244845847,2.2941500647941577,c1
"(Node1612*, Node77*)",1567,1.5248398450570533,2.2941500647941577,c1
"(Node1612*, Node77*)",1570,2.8487725060030886,2.2941500647941577,c1
"(Node1612*, Node77*)",1572,-0.91132086585227134,2.2941500647941577,c1
"(Node1612*, Node77*)",1573,1.4798035162908825,2.2941500647941577,c1
"(Node1612*, Node77*)",1574,3.1984852832696777,2.2941500647941577,c1
"(Node1612*, Node77*)",1575,2.848772506003086,2.2941500647941577,c1
"(Node1612*, Node77*)",1576,1.5250190636565641,2.2941500647941577,c1
"(Node1612*, Node77*)",1578,1.4735525229540904,2.2941500647941577,c1
"(Node1612*, Node77*)",1579,3.1984852794694545,2.2941500647941577,c1
"(Node1612*, Node77*)",1582,2.1391891145165163,2.2941500647941577,c1
"(Node1612*, Node77*)",1583,-0.96122987971938056,2.2941500647941577,c1
"(Node1612*, Node77*)",1585,2.8412601766557528,2.2941500647941577,c1
"(Node1612*, Node77*)",1586,-0.30081832529674429,2.2941500647941577,c1
"(Node1612*, Node77*)",1587,2.1391891145165163,2.2941500647941577,c1
"(Node1612*, Node77*)",1589,3.1984847183207039,2.2941500647941577,c1
"(Node1612*, Node77*)",1590,3.1951598892497683,2.2941500647941577,c1
"(Node1612*, Node77*)",1592,-1.0057968610021182,2.2941500647941577,c1
"(Node1612*, Node77*)",1593,2.1607051284355485,2.2941500647941577,c1
"(Node1612*, Node77*)",1595,2.8487725060030886,2.2941500647941577,c1
"(Node1612*, Node77*)",1602,2.1391891145165163,2.2941500647941577,c1
"(Node1612*, Node77*)",1603,2.1391891145165163,2.2941500647941577,c1
"(Node1612*, Node77*)",1604,2.1391891145165163,2.2941500647941577,c1
"(Node1612*, Node77*)",1605,3.1984852832700095,2.2941500647941577,c1
"(Node1612*, Node77*)",1607,-0.89559099181542123,2.2941500647941577,c1
"(Node1612*, Node77*)",1608,3.1984852832700095,2.2941500647941577,c1
"(Node1612*, Node77*)",1609,2.8487725060030886,2.2941500647941577,c1
"(Node1612*, Node77*)",1610,3.1984852832700095,2.2941500647941577,c1
"(Node1612*, Node77*)",1611,1.5248398512233767,2.2941500647941577,c1
"(Node1612*, Node77*)",1612,3.1984852551055738,2.2941500647941577,c1
"(Node1612*, Node77*)",1614,-0.18840354810366072,2.2941500647941577,c1
"(Node1612*, Node77*)",1617,-0.72182941799608891,2.2941500647941577,c1
"(Node1612*, Node77*)",1618,0.20145308722622296,2.2941500647941577,c1
"(Node1612*, Node77*)",1619,3.1984852832700095,2.2941500647941577,c1
"(Node1612*, Node77*)",1620,2.8487725060030886,2.2941500647941577,c1
"(Node1612*, Node77*)",1621,1.9266310079545399,2.2941500647941577,c1
"(Node1612*, Node77*)",1622,1.0055533132107977,2.2941500647941577,c1
"(Node1612*, Node77*)",1623,2.1391891145165163,2.2941500647941577,c1
"(Node1612*, Node77*)",1631,3.1984840495133171,2.2941500647941577,c1
"(Node1612*, Node77*)",1632,2.8487725060030886,2.2941500647941577,c1
"(Node1612*, Node77*)",1637,2.1391891145165163,2.2941500647941577,c1
"(Node1612*, Node77*)",1644,2.1937042403629832,2.2941500647941577,c1
"(Node1612*, Node77*)",1651,2.0774041079378458,2.2941500647941577,c1
"(Node1612*, Node77*)",1654,2.7549954113661168,2.2941500647941577,c1
"(Node1612*, Node77*)",1661,1.3987623667839704,2.2941500647941577,c1
"(Node1612*, Node77*)",1662,0.045497423039501772,2.2941500647941577,c1
"(Node1612*, Node77*)",1666,1.4185258708461881,2.2941500647941577,c1
"(Node1612*, Node77*)",1668,3.1984852832700095,2.2941500647941577,c1
"(Node1612*, Node77*)",1673,2.848707086094131,2.2941500647941577,c1
"(Node1612*, Node77*)",1674,1.9797882478681612,2.2941500647941577,c1
"(Node1612*, Node77*)",1675,1.5011257690876483,2.2941500647941577,c1
"(Node1612*, Node77*)",1682,3.1984852831460948,2.2941500647941577,c1
"(Node1612*, Node77*)",1685,-0.80924201436757559,2.2941500647941577,c1
"(Node1612*, Node77*)",1687,2.4213552414171597,2.2941500647941577,c1
"(Node1612*, Node77*)",1689,1.0539294152192298,2.2941500647941577,c1
"(Node1612*, Node77*)",1691,2.1391889756158351,2.2941500647941577,c1
"(Node1612*, Node77*)",1692,2.8487725059011773,2.2941500647941577,c1
"(Node1612*, Node77*)",1693,3.192783930695875,2.2941500647941577,c1
"(Node1612*, Node77*)",1695,2.1391891145165163,2.2941500647941577,c1
"(Node1612*, Node77*)",1700,3.190275491469289,2.2941500647941577,c1
"(Node1612*, Node77*)",1701,0.86786388863833164,2.2941500647941577,c1
"(Node1612*, Node77*)",1702,2.1391891145165163,2.2941500647941577,c1
"(Node1612*, Node77*)",1704,2.8487725060030886,2.2941500647941577,c1
"(Node1612*, Node77*)",1705,2.8487725060030886,2.2941500647941577,c1
"(Node1612*, Node77*)",1709,1.0440110532525928,2.2941500647941577,c1
"(Node1612*, Node77*)",1714,3.1984852832700095,2.2941500647941577,c1
"(Node1612*, Node77*)",1716,3.1927849545732441,2.2941500647941577,c1
"(Node1612*, Node77*)",1717,2.1390730172015258,2.2941500647941577,c1
"(Node1612*, Node77*)",1718,1.9271153743015383,2.2941500647941577,c1
"(Node1612*, Node77*)",1719,2.8487725040038701,2.2941500647941577,c1
"(Node1612*, Node77*)",1720,1.9788080523184692,2.2941500647941577,c1
"(Node1612*, Node77*)",1723,2.1391891145165163,2.2941500647941577,c1
"(Node1612*, Node77*)",1724,2.1391891145165163,2.2941500647941577,c1
"(Node1612*, Node77*)",1725,2.8487725060030886,2.2941500647941577,c1
"(Node1612*, Node77*)",1726,2.848628280029013,2.2941500647941577,c1
"(Node1612*, Node77*)",1727,-0.037701617818435798,2.2941500647941577,c1
"(Node1612*, Node77*)",1730,3.1984849535625028,2.2941500647941577,c1
"(Node1612*, Node77*)",1731,0.045381204891772664,2.2941500647941577,c1
"(Node1612*, Node77*)",1732,2.6913930979297511,2.2941500647941577,c1
"(Node1612*, Node77*)",1733,2.1391891145165163,2.2941500647941577,c1
"(Node1612*, Node77*)",1734,-0.36301568545277829,2.2941500647941577,c1
"(Node1612*, Node77*)",1735,2.8487725060030886,2.2941500647941577,c1
"(Node1612*, Node77*)",1736,1.979671515052148,2.2941500647941577,c1
"(Node1612*, Node77*)",1738,3.1951598812455968,2.2941500647941577,c1
"(Node1612*, Node77*)",1739,2.1375976740394247,2.2941500647941577,c1
"(Node1612*, Node77*)",1744,1.5516580953900572,2.2941500647941577,c1
"(Node1612*, Node77*)",1745,3.1984852832689974,2.2941500647941577,c1
"(Node1612*, Node77*)",1746,1.9269162427151405,2.2941500647941577,c1
"(Node1612*, Node77*)",1750,2.8487725060030886,2.2941500647941577,c1
"(Node1612*, Node77*)",1756,3.1983514898461749,2.2941500647941577,c1
"(Node1612*, Node77*)",1757,2.139188939964614,2.2941500647941577,c1
"(Node1612*, Node77*)",1759,3.1488665442609287,2.2941500647941577,c1
"(Node1612*, Node77*)",1760,2.1391891145165163,2.2941500647941577,c1
"(Node1612*, Node77*)",1761,1.9806589265753405,2.2941500647941577,c1
"(Node1612*, Node77*)",1762,2.8487723299150316,2.2941500647941577,c1
"(Node1612*, Node77*)",1763,2.3747346418535002,2.2941500647941577,c1
"(Node1612*, Node77*)",1765,3.19848526657543,2.2941500647941577,c1
"(Node1612*, Node77*)",1766,2.1391891145165154,2.2941500647941577,c1
"(Node1612*, Node77*)",1767,-0.27384859269631123,2.2941500647941577,c1
"(Node1612*, Node77*)",1768,2.9806404801477067,2.2941500647941577,c1
"(Node1612*, Node77*)",1769,3.1984852797141334,2.2941500647941577,c1
"(Node1612*, Node77*)",1770,3.1984852832698589,2.2941500647941577,c1
"(Node1612*, Node77*)",1771,-0.96111076398372552,2.2941500647941577,c1
"(Node1612*, Node77*)",1772,2.1391891145165154,2.2941500647941577,c1
"(Node1612*, Node77*)",1773,3.1727388054476169,2.2941500647941577,c1
"(Node1612*, Node77*)",1776,3.1705579872100307,2.2941500647941577,c1
"(Node1612*, Node77*)",1777,-0.90385870969791138,2.2941500647941577,c1
"(Node1612*, Node77*)",1778,1.1637723465856985e-13,2.2941500647941577,c1
"(Node1612*, Node77*)",1779,2.139189114516503,2.2941500647941577,c1
"(Node1612*, Node77*)",1780,-0.95947765532919727,2.2941500647941577,c1
"(Node1612*, Node77*)",1781,2.8487725060030886,2.2941500647941577,c1
"(Node1612*, Node77*)",1782,3.1984852832700046,2.2941500647941577,c1
"(Node1612*, Node77*)",1783,2.848772505587942,2.2941500647941577,c1
"(Node1612*, Node77*)",1784,3.1984852832700046,2.2941500647941577,c1
"(Node1612*, Node77*)",1785,2.8487725060030886,2.2941500647941577,c1
"(Node1612*, Node77*)",1786,3.1984852832700037,2.2941500647941577,c1
"(Node1612*, Node77*)",1787,3.1984852832689779,2.2941500647941577,c1
"(Node1612*, Node77*)",1788,2.1391891145165154,2.2941500647941577,c1
"(Node1612*, Node77*)",1789,3.1984852832700046,2.2941500647941577,c1
"(Node1612*, Node77*)",1790,3.1984852832700077,2.2941500647941577,c1
"(Node1612*, Node77*)",1791,3.1984852832700046,2.2941500647941577,c1
"(Node1612*, Node77*)",1792,2.1391891145165154,2.2941500647941577,c1
"(Node1612*, Node77*)",1793,-0.89486134432298947,2.2941500647941577,c1
"(Node1612*, Node77*)",1794,3.1984852832700037,2.2941500647941577,c1
"(Node1612*, Node77*)",1795,-0.90989178643528168,2.2941500647941577,c1
"(Node1612*, Node77*)",1800,2.6245844041529138,2.2941500647941577,c1
"(Node1612*, Node77*)",1805,2.8487725060030886,2.2941500647941577,c1
"(Node1612*, Node77*)",1806,-1.0082785078858123,2.2941500647941577,c1
"(Node1612*, Node77*)",1821,2.8487725060030886,2.2941500647941577,c1
"(Node1612*, Node77*)",1886,2.8486581081276219,2.2941500647941577,c1
"(Node1612*, Node77*)",1901,2.8486581081323572,2.2941500647941577,c1
"(Node1612*, Node77*)",1910,2.8486581081323559,2.2941500647941577,c1
"(Node1612*, Node77*)",1911,2.8486581081323559,2.2941500647941577,c1
"(Node1612*, Node77*)",1912,2.1391028702978119,2.2941500647941577,c1
"(Node1612*, Node77*)",1913,-0.78299122874134164,2.2941500647941577,c1
"(Node1612*, Node77*)",1914,3.1978221013424042,2.2941500647941577,c1
"(Node1612*, Node77*)",1915,2.1388481398705164,2.2941500647941577,c1
"(Node1612*, Node77*)",1916,1.9424880951412073,2.2941500647941577,c1
"(Node1612*, Node77*)",1917,2.8483202384548125,2.2941500647941577,c1
"(Node1612*, Node77*)",1918,2.8483208690059501,2.2941500647941577,c1
"(Node1612*, Node77*)",1919,3.1978221013419903,2.2941500647941577,c1
"(Node1612*, Node77*)",1920,2.8483208690059501,2.2941500647941577,c1
"(Node1612*, Node77*)",1921,2.8483208690059501,2.2941500647941577,c1
"(Node1612*, Node77*)",1922,2.138848139870452,2.2941500647941577,c1
"(Node1612*, Node77*)",1923,2.138848139870452,2.2941500647941577,c1
"(Node1612*, Node77*)",1924,7.3265208297393712e-14,2.2941500647941577,c1
"(Node1612*, Node77*)",1927,3.1978221012126218,2.2941500647941577,c1
"(Node1612*, Node77*)",1930,-0.96068726392994663,2.2941500647941577,c1
"(Node1612*, Node77*)",1931,2.8483207167091487,2.2941500647941577,c1
"(Node1612*, Node77*)",1935,2.1388479999462366,2.2941500647941577,c1
"(Node1612*, Node77*)",1936,2.8483207167091487,2.2941500647941577,c1
"(Node1612*, Node77*)",1937,2.8483207167091487,2.2941500647941577,c1
"(Node1612*, Node77*)",1940,2.5632533703031677,2.2941500647941577,c1
"(Node1612*, Node77*)",1941,2.1388479999460914,2.2941500647941577,c1
