"(Eukaryota_Opisthokonta_Nucletmycea_Fungi_Dikarya_Ascomycota_Saccharomycotina_Saccharomycetes_Saccharomycetales_Saccharomyces_cerevisiae_baker_s_yeast, Node1652*)"
""
""
""
""
""
""
""
""
""
""
""
""
""
""
""
""
""
7.269085409647189
7.406233353573402
7.264444929224023
7.401588718992939
7.417521861794912
7.435360073324923
7.7544890275845155
8.141146122039828
7.93177750035088
7.590540762884004
7.972094919153585
7.811110758178218
7.586717850649735
8.00170901055069
8.062652490361415
7.908262433664153
7.512041743447625
7.3475667707412216
7.400642072729636
7.788345574196398
7.453135070302082
7.416413846397942
7.56314778394626
7.431240298387337
7.089396411130012
7.469835049460997
7.85714757575189
7.700338078684838
7.852151168558483
7.641905387969446
7.478522706537843
7.624341936334334
8.010747244727655
8.403181763741632
8.378651869534869
8.807775804003585
8.665204116474897
8.831543549163252
8.448340175167877
8.606939568325474
8.276961136677428
7.93985158649099
7.722751591418759
7.373909237158571
7.506763329889862
7.639617422621156
7.2838936905468055
6.921038839934062
6.678193544435525
6.242640907870948
5.79905328660726
5.408731657977725
5.50035269958891
5.470500949334239
5.014058706342509
4.851468534581761
5.207700836625677
4.939013473840355
5.027285560806974
4.566014841089863
4.646546888525725
4.239032890808018
3.824645005130402
3.5294961615199334
3.591182783527153
3.6528694055343713
3.2282234707047928
3.283060338390367
2.8498511609223725
2.411481583811239
2.0917923872792317
1.8206685433188332
1.5473748197211576
1.5807852740495518
1.7920560772196499
2.0702896570582405
2.1156315899608997
2.4018217463592997
2.694893280571864
3.0245899633037188
3.0914258516690163
3.336741464910285
3.679723553068337
3.937820788641279
4.263184019511029
4.595806394864219
4.694342330386205
4.971295998717032
5.253409308623812
5.1451430482938045
5.254746359763503
5.147350405161645
4.949757057619188
5.059380852796887
5.169004647974588
5.519599778272647
5.876956692235241
6.241194984011997
6.371466430107177
6.772639259778846
7.151498968900525
7.474871557216598
7.62486384136744
7.774856125518285
8.165434488265959
8.322300660376712
8.749758826688332
8.428023641796598
8.403448562359962
8.561213876441501
8.358176768587017
8.024527801579138
8.41010303834399
8.074208803367267
7.7314331905763805
7.321438836540928
7.630488819748914
7.644442709162709
7.232626649540432
7.241557111552499
7.063850531059513
6.705296692495929
6.828685524173063
6.590141240723687
6.586114953686892
6.42691071181489
6.546939233740356
6.357978227309483
5.988566108555411
6.371442430993688
6.731199360322984
6.369237077186477
6.179057372293889
5.986961933954865
6.344342427993298
5.918093675516793
5.786041200507976
5.780125940793167
6.168359323770265
6.293431362701635
6.108317705321141
6.231597580545221
5.983822616374959
6.282738743685099
6.046404150798171
6.408000342783542
6.776481430058066
6.910876077501386
6.558938168107906
6.957075055430447
7.092351148386432
7.4673686425999914
7.426552416783299
7.322087108481706
7.642498683427085
7.572264357685379
7.358676061501906
7.742630555774296
8.13346994533584
8.290222895066176
8.201229366556543
8.079992645265586
8.477364646927462
8.152446633146775
8.487510794025317
8.371369300509919
8.046917894513722
8.20194929103268
8.234788973682704
8.269648543003195
8.179101756450958
8.577347394461087
8.253873820005412
7.924296870637727
7.795946259426018
7.947504198796032
8.007856703876895
8.162035690069915
8.133697981994658
7.926223788599557
8.075321050539953
7.976176825547311
7.6364355146285945
7.778636873950596
8.190435220919476
8.062016157281922
8.21192028767955
8.146083855434188
7.936067009408251
7.595438304228924
7.372627068295885
6.957472099462302
7.261786846698202
7.08194252751155
6.7224346884466595
6.844869519622489
6.479258305644749
6.285862520773769
6.153097345862102
6.267792137507174
6.198681944725085
6.00356317726326
6.295215878860179
6.653831357125593
6.293222631618276
6.104181884598158
5.734971299956375
5.599497039589778
5.709793391101413
5.820089742613047
5.383489347755308
5.726931151687058
5.289509363567857
5.391281550742406
5.37223662814383
5.654214048008021
6.003457463169024
5.630942642539537
5.979341380361286
6.33458987250468
6.150636049939598
5.96383490239213
6.3250916312063055
6.144307059758669
6.270994286061725
6.668582895941269
7.043858385270823
7.425753107515629
7.212270305854649
7.172416886434848
7.3155055401093705
7.458594193783893
7.87127983510529
7.534025214701868
7.189896706338537
7.596537342815741
7.558341689627372
7.394615901538229
7.176791869439132
7.068097379444218
7.4755910326754025
7.259257354208824
7.669356128946818
7.32951464201827
7.47084531228338
7.61217598254849
7.9319243856224455
7.830360959187565
7.976781789107245
8.301682343902897
8.205596104848034
7.995186757826935
7.653566831269953
8.064020445483118
7.965828382309495
7.62681971913265
7.51983389191422
7.4128480646957895
7.065276158880528
6.951678588601101
7.326134553329494
7.187982249269069
6.839893543510241
6.485455239589328
6.612189092862071
6.378120524198789
6.770364647419781
7.078227701150186
6.906785039466347
7.0404499132450535
7.174114787023758
7.001468993029916
6.773502561756879
6.810051393878096
7.118712434779223
7.038441063310031
6.868743177115799
7.004272420533742
6.592904917704005
6.720731390048035
7.026418211233771
7.159326407830424
7.108587216968314
7.023042584482814
7.156775892619722
7.199042324491215
6.846579846221716
6.976060038192936
7.283400578995364
6.868419688535175
6.506663740422313
6.804464588142638
6.712032760321176
6.349866250173247
6.647157624886731
6.460965052727933
6.365291247221452
6.116770636497866
6.47701556959575
6.604368855757701
6.7317221419196525
7.037361155749353
6.799178859276374
6.56692983100806
6.202812686961814
6.590235200803163
6.9555048993308395
6.599836905769013
6.72534106940085
6.574540480864176
6.578993818582659
6.397977311360508
6.276440855694358
6.402888656382769
6.529336457071178
6.655784257759588
6.692331020088457
6.821437136055003
6.767295651561527
6.620100786935025
7.019831097436583
6.878377419543705
7.015246935678812
7.393087786934275
7.176039776443798
7.585613847192223
7.972997909015277
8.006464444191458
7.8832420431846595
8.03834283621304
7.8317782959725575
7.6201198777987065
7.486709720925181
7.4493000610267766
7.348746461305494
7.493708818417786
7.81715090040605
7.78402706983619
7.572429057167737
7.957988578431614
8.287696257900276
8.076146299219323
7.984985899191042
8.139341455996336
8.534668347921993
8.32541134458924
7.9959722012046335
7.837944897527869
7.67833158103278
8.097411501142608
8.523922071407572
8.687571847305978
8.542650151641016
8.976491562379833
9.056144051680194
8.921262456463985
8.54468281573189
8.338851700041456
8.679109996255274
8.357348877204837
8.51753042839512
8.12816917290167
8.062375113232187
7.967683587402738
7.813024033016745
8.236363410777768
8.574959177301903
8.918520588193768
8.718260688782953
8.523934057576806
8.438575129913783
8.84217179372568
8.920524530820172
8.909034235967038
9.259601040374669
9.127281441204683
9.120237000794848
9.174374371804358
9.103905416484729
9.281166062475
9.210447366431142
9.266742714940275
9.624266814111861
9.625225000725319
9.62579519292234
9.26040172402234
8.887895834039275
9.327165926658807
9.193165392190755
9.058535771408152
8.68244976630057
8.359879494551368
8.789907053370131
8.865615781256968
8.851875014389996
9.199865344434476
9.615446705434087
9.975421351478461
9.854071840241922
9.72952778043802
9.60307848517018
9.41418869503528
9.472636476257353
9.470573271814423
9.561271118785758
10.016284614780648
9.719949480228014
9.594438662215142
9.468918738714386
9.467661752284858
9.528898147301634
9.59167292113795
9.656746300896124
9.627305430087038
9.505636031147983
9.870762499911148
9.844522833904309
9.548291254992522
9.61291481097913
9.709253890000275
9.808233587841434
10.241982726509166
10.712692204427702
10.6121552438366
10.456782716689514
10.441246389088558
10.91462641236932
11.365675185376485
11.274066046989075
11.11911015411567
11.149123333979473
11.241504139953408
11.208778613813944
11.240449766646915
11.145352224412694
11.268198494067109
11.363351853656924
11.397675093446498
11.39804643309916
11.496117636200841
11.345315827830701
11.191869246483252
11.678037302711084
11.71740287723934
11.722627031771662
11.762912125564037
11.768995578495268
11.746112626587973
11.722983451431439
11.638458833429166
11.500256712491318
11.356955170842722
11.262546114205765
11.746255583865457
11.748568138150409
11.691466540707806
11.604293653460855
11.576980863126156
11.247686551348885
11.242705011287777
11.72726493964993
11.398825772114261
11.303228489465358
11.26815634395543
10.992112863325138
10.835953182472883
10.674694080909886
10.652158857769827
10.600713764295113
10.613611789521123
10.626570035612339
10.451749400314158
10.39778578860526
10.407905264510942
10.23037232139094
9.932785287605071
9.996053388717597
9.998615354164146
9.635213658513674
9.629967342557421
9.499498225752745
9.585878740394689
9.4570678323865
9.38840429482663
9.078889016296028
9.00424169797294
9.417528320508046
9.83781943248193
9.535446279818967
9.16522676746375
9.028866169145825
8.890736702666706
8.842378783191398
8.70256090172813
9.112079919368028
8.738048994518921
8.59754015627047
8.764747645343785
8.714955868390188
8.633947498919984
8.980469877630538
9.331897679843616
9.688551365131149
9.593871162459104
9.55975955319036
9.652618185823078
9.477392619244243
9.537653710551082
9.23233449544347
9.04729261730771
9.127790462913028
9.480380162942279
9.34910794180939
9.342945403528994
9.520422231700518
9.607135110179666
9.298430534418708
8.922125822214744
8.777525777234077
8.452664050274018
8.85034699380118
8.766206861237253
8.441345134277194
8.109352288778743
8.437587841188762
8.771111268740365
8.683398161717227
8.59568505469409
8.206912989844419
8.176139305003591
8.081358949675204
8.41206963352665
8.08076090211384
8.471136242199323
8.34837917114367
8.260074963440823
8.29606857575035
8.093644113906038
8.06427572507956
7.668879911887018
7.266371677611402
6.856132243501478
6.987076797793288
6.629975306932371
6.754045973264282
6.878116639596196
6.452644499334451
6.2070420110103655
5.956609655035099
5.700815639268824
5.801857089120236
5.353355732287919
5.446657142608572
5.539958552929228
5.510942494044776
5.846580316573162
5.700514202255816
5.313604778763157
5.649224104108045
5.751131238816016
5.491373040255119
5.22612742656704
4.829013697101032
4.425015072345869
4.502959117831425
4.218844292854299
3.8031110928234693
3.507409006515254
3.5682783755425405
3.1428151877330284
2.649938056069295
2.208208854545742
1.7596057650622812
1.7921748327724782
1.4628107853561647
1.4902822035575378
1.788655005335398
2.09491324214954
2.1378688935697276
2.1808245449899153
2.464366275006933
2.754781892983859
3.0810823079707395
3.323348855228074
3.633422856493156
3.888070394789067
4.147811811018343
4.475332712633592
4.809615397913374
5.180832621088069
5.043404166875973
4.904416959464246
4.5244694242614045
4.625694046252221
4.41715835075722
4.695020695530334
5.040411180499171
5.151834819786429
5.441738183949661
5.736740968823633
6.03678118234122
6.434548091640799
6.569012415546425
6.94444807457241
7.326768628887548
7.6534204761803215
7.8067522401730765
8.231130783247846
8.392206740928659
8.731700431418314
9.076353763483922
9.2476267913843
9.047836737476922
8.937678173787216
9.377357361949594
9.794705299838375
9.668400477618352
9.632888242355202
9.509320167642743
9.508536931332772
9.47309482246942
9.564903731218921
9.566795901517075
9.534098436537638
9.409942956475295
9.223040537431446
8.915982756569692
8.842765192289908
9.258375193539994
9.439898754958877
9.259756983108892
9.345300330549911
9.306700116985503
9.727483229862587
9.730658359404254
9.826315368511649
9.65383736819874
9.559258465227927
10.014513159951893
9.958365023697086
9.902591136636566
9.732740364859048
10.160696393819574
9.983207955972786
10.445479551206803
10.460995170796327
10.297907081375625
10.732749776827225
10.571447161984931
10.45811446853824
10.103070735721916
9.801292995539745
9.860247278631347
9.733204637436973
9.666432478315535
9.663743406808678
9.294984183467292
8.91848076643785
8.900491761985721
8.516244151268221
8.312031228252062
8.281198609401132
8.704991915218926
8.617626405233255
8.467769285003193
8.626474530848622
8.785179776694052
8.635018605807758
8.484293081690913
8.393677395210549
8.429709935884306
8.279534774257646
8.61592991402301
8.5003033265159
8.113775355432304
8.051596100548979
7.897380367838856
8.051727001204224
7.958217404160077
7.928984891938734
7.533493773452017
7.318037342666644
7.637958094442054
7.536317275984404
7.923755160626293
7.859240368981826
8.013561229962285
8.167882090942745
7.833625127117559
7.670904518287052
7.505593056459838
7.465640655857098
7.879078073647651
8.300218262452995
8.367002343424078
8.707137393506864
8.874080593855261
8.857382656549822
8.47448633384422
8.144856003772773
8.113395201147112
8.443562347380707
8.871542863226088
8.815145904611336
8.670476346808494
8.524147776790958
8.197614228184245
7.864977304664686
7.651453667876101
7.245346674155727
7.381042447588327
6.967823032784882
7.004320730121354
7.40550907704408
7.233294791738127
7.247513857733401
7.385800726544683
7.524087595355966
7.300441349040736
6.945584523189627
6.583322029726531
6.153840795018872
6.265543548712946
6.377246302407021
6.488949056101097
6.23871869466866
5.984521376917883
5.725242334914488
5.545379238425989
5.273238304286465
4.820202766470896
4.722981581335366
4.809140001800952
4.533365307140027
4.614426078096788
4.936335072549288
4.9335132716278345
4.663299160060126
4.3781762856075295
4.09707205274783
3.8157324077574715
3.7996230968103197
3.877488457470473
4.225945812331494
4.552513707946308
4.885843387224644
5.256107604398881
5.541383441880247
5.28252213173878
5.021011346004999
4.944100939667027
4.834247794885552
5.2115802236948525
5.327018435932906
5.442456648170957
5.557894860409009
5.942930060293937
6.335668031254487
6.46651178564379
6.597355540033092
6.997796282069269
7.136342807534197
7.453175060666874
7.774675812906872
7.644079739918114
7.431108105540031
7.814449327755026
7.8429749710228025
8.26477741033702
8.694282620726867
8.86189361454546
8.540926783558412
8.152113592879111
8.305103169352785
8.274713140166
8.30577836092099
8.638384150482228
8.249296127995967
8.671984087379006
8.55379744773593
8.224805886919006
7.889179171539208
7.66399182413287
7.44597880931504
7.223509301266893
7.174243796655434
7.124565066877422
6.980528651420733
6.566895248366224
6.963047814800763
7.096339586874157
7.2296313589475485
6.816026384651566
6.572578988121664
6.873407291138127
7.271053957161889
7.037770009135781
7.410642813060376
7.45855562443826
7.509940240291244
7.347995992247022
7.670639800127376
7.511619550278251
7.412712322775973
7.283096492103678
6.883883673810484
7.023864830811038
7.163845987811592
7.3038271448121455
7.684779636933059
7.741027135156296
7.404211805882874
7.186076009847861
7.323660911426566
7.090810349645194
6.917192000536958
7.29187605734732
7.673434002117589
7.700585758102434
8.091193864711933
8.488686866610584
8.290428095409164
8.087938357607218
7.935120794717481
8.265948094147767
8.115388345549025
8.450525464535277
8.612282279356299
8.952518819053289
8.758572632649026
8.559544721992143
8.439932756952595
8.476699774298961
8.389859421954132
8.242366909396532
8.031684504957699
7.971529993892601
8.006861701800197
7.982293736084906
7.832211560725047
7.712296741841669
7.868414554152839
8.264273767721585
8.427241334354397
8.590208900987212
8.442766634899
8.325010587475889
8.486186754171074
8.918264304442745
9.265660235544656
9.318203070615485
9.246136934391824
8.933880983424107
8.855337223093308
8.535425863789378
8.448371010453872
8.12153961489328
8.276650889573407
8.672610387749273
8.524504940313891
8.593829299660262
8.509080049545078
8.309881936127486
8.646122997337807
8.625404608796186
9.028851444438107
9.439557424563468
9.067261776621578
8.988420515771516
8.909452625821848
8.589763141476048
8.629452634699746
8.421232527939752
8.334085867821658
8.374084795676593
8.175019228341128
8.024094543435359
8.359291507668738
8.213381798139775
8.614483031321688
9.05251880239851
9.043745841970841
8.669073690742744
8.83620430666762
8.632077843576514
8.612789155109066
8.289222021505601
7.957999479565927
8.379311602067837
8.049716885049621
8.441880403821896
8.113999175120451
8.26560074893416
8.417202322747869
8.080226071755932
8.041173124960544
7.636050026330629
7.284192920334866
7.592696217388665
7.544238293488607
7.3173608655777835
6.9593968422653365
6.593777410616677
6.9806926434096
6.616169257030323
6.485100830709486
6.780548611660197
6.594332335321374
6.594603893135673
6.499429907043758
6.404581453174168
6.7683100531870775
6.410569181458411
6.443451417653226
6.386528932499319
6.024544004857437
5.835560941019043
5.833719800503538
5.954363675492332
6.2534252832899675
6.25834969801446
6.024213389124009
6.146648535569061
6.269083682014113
6.083574975343479
6.446012040739114
6.086436215299604
6.448880770549494
6.755218828959511
7.067063990448195
7.384003029870242
7.406670964885869
7.822790158800942
8.154466291158302
8.129306957897978
7.925729891828808
8.349889674953813
8.689367838909059
9.033751426366823
8.834313703521909
9.181347844220317
9.045241363267674
9.126041850697277
9.180336655765396
8.868593922726436
8.760009542221578
8.621380841332419
8.482116451202591
8.648954559422688
8.507848814527097
8.311907503075526
8.472801657241641
8.415709980802978
8.329474614955108
8.731801152263207
8.538482383807878
8.213421256164594
8.548536300388756
8.710271040447692
9.142907164083113
9.064525713263293
8.923902392923312
9.332443438905322
9.196857547208953
9.187325322143993
8.998468157328345
8.982934847388174
8.903455087825659
8.763236786659537
8.809154254057797
8.615887632116022
8.779456475791935
8.664529291866131
8.466043419236662
8.26285166309027
8.233045753886485
8.202851850266255
8.235543094084235
7.841804165188789
7.501203179523443
7.641774351051756
7.473388794493167
7.124515989644989
6.8952807613256075
7.201290710425917
7.086129467757711
7.459530128245474
7.77769832297229
7.6145423604181905
7.540952900710986
7.1977112574477395
7.576489994873894
7.962150110114212
8.022831288292279
8.177169330828336
7.781964566680664
7.6803210827529185
7.735750591542779
7.396400381233205
7.355293227664571
7.406629144167723
7.730101649904836
7.7592320714705645
7.663505029137493
7.56740865193056
7.408940258628871
7.8300810104846805
8.22876740044228
7.843649192866218
8.000624543454183
8.157599894042146
8.130802101835178
8.196305033383947
8.137671048989096
8.538705019065238
8.946998133624822
9.299622541162039
9.169298553054512
9.587674862336366
10.042985709513129
10.051755607043047
9.755327285368438
9.45254936553174
9.268884732426017
8.953351983542364
8.840516147248213
9.006913074751532
8.925318256046037
8.603129868889457
8.212800176872275
8.364564043019119
8.51632790916596
8.421017065279594
8.263835210668779
8.414743932574016
8.474640563098585
8.318942384725885
8.350538038537968
8.016179136740915
7.8532210673224565
7.751022072201518
7.775334541569284
7.644103297282003
7.4815649258351185
7.868314032334844
8.261948034123725
8.662466931201754
8.645713780055686
8.263236591843842
7.873028203797691
7.776805982495446
7.617441232051381
7.583185457432267
7.5489314540150705
7.387840514912439
7.226682701503529
7.011575882147523
7.42408729720903
7.751581854544331
8.146855897265608
8.549014835276035
8.346589878028055
8.75287704937753
8.437151329891861
8.781077492475823
9.192594686014914
9.3700254397228
9.818502972512697
9.755821689499127
9.631430316617475
10.055802131884608
9.696249755468456
9.631716227183116
9.596487629812374
10.050945896370404
10.058915969141585
9.762031147929472
9.729173822333935
9.542969282910217
9.363419127022608
9.292972190477432
9.160033643687866
8.846829897443916
8.924556730060017
9.095940427034103
9.267324124008189
9.190978219672372
9.241151269679513
9.32330483237635
9.407648383169358
9.465273479574625
9.156675620103943
9.570991765994341
9.442355055321812
9.501031464833593
9.464412103401807
9.157605261286916
9.211656197781974
8.899997929407498
9.248515832900472
9.332186555966398
9.291720363088706
9.64862177375293
9.523341806326425
9.48826236942898
9.309905388263843
9.240528514816516
9.597545198737173
9.47069996149569
9.281185525717303
9.151455036446576
8.967792389195615
9.411681185897462
9.221452109216775
9.216192812300836
9.57243323067852
9.267067458937248
9.259445835815715
9.613865386688248
9.245668561129811
9.597851021403152
9.776841631942105
9.467254417675413
9.150785825594559
8.766175928653102
8.374744401639624
8.035919038222238
8.17879012179633
8.073419718437382
7.968037953734588
7.622059447005622
7.2081858586652885
7.514691556156731
7.4000136577049735
7.803912009808643
7.852487684669114
7.716810392180202
7.551249084543307
7.60191177275022
7.258673874915744
7.118181611589883
7.434917048718191
7.268300544115313
7.319028671653869
7.342613810991258
7.397462439056926
7.328609297144569
7.478291258177962
7.07905803097531
7.100191682401267
7.152588822555503
7.116637936900816
7.503613523361136
7.474492230057353
7.507940464342583
7.903994291579378
7.94526768083646
8.10902608559784
8.54383126944123
8.715333867890667
8.886836466340103
9.2993103999099
9.718669228768844
10.144912952916947
10.02744192488912
9.729777643745258
10.18288179626047
10.374091735266635
10.203636341003934
9.901706356923166
9.710451074608853
9.518448678818034
9.323837389763293
9.008895669431116
8.626540005244715
9.054279699928552
8.669942862330613
8.643604404741517
8.61700370807215
8.402795091047482
8.246910837080886
8.028907262580468
7.807582298441668
8.195711353276183
8.528171701088334
8.198734140794821
8.043049174377103
7.8324028860672295
7.669149727231699
7.6300410339658375
7.285748391053409
7.205617631933837
7.0337791170071275
7.441549747237921
7.2771513753430375
7.661731456901332
7.990704823504391
7.835756048080097
7.771322521833134
7.4371433059304595
7.401391377950837
7.790126167409241
7.638849112182019
8.03365092123317
8.465413069535126
8.633872632443126
8.440399080224617
8.483066995475287
8.527525928081749
8.935441211312861
9.287749779588744
9.095552969824505
9.51281017903358
9.574893413069127
9.397790786562727
9.21558873934558
9.206766996293668
9.260436863486138
9.34609340455485
9.214934985193391
9.208885541656882
9.62726259469319
9.56369697748878
9.926405323502724
9.93215244856281
9.938353331681926
10.39879214505332
10.287061956299043
10.392326794496913
10.312457524282694
10.022551661308677
9.966732238165868
10.0677569540519
10.17181998010906
10.061208022992083
10.43617333932161
10.454304961235364
10.407912402567442
10.299147827804767
10.010118053587705
9.831672922635256
10.200420770557571
10.636759649435016
10.528602255760227
10.511141267072752
10.49453542262688
10.334652033913313
10.348274704701147
10.327571750493581
10.215161040478876
10.589792421415634
11.062090277269176
10.909026677266077
10.62409496148505
10.512239499213017
10.587303619931479
10.423181880107993
10.127192024506575
9.824317273616007
9.819931802715617
9.878039713261531
9.96742977333211
9.601080736935991
9.558899076750517
9.426509214403687
9.29337964780758
9.739303978626307
9.673946382016943
9.577773637196655
9.389033838170327
9.258597460421763
9.25314253196006
9.24768583229644
9.178262009399456
9.235360658320422
9.656180540657862
9.752021485933055
9.579460425103552
9.545932632072608
9.610224385230497
9.51876913657315
9.427318042073102
9.855215352827814
9.865372675106018
9.687877578358542
9.517097086012383
9.611809167156352
9.521828930915634
9.951487890940726
10.32565973016021
10.278595034804956
10.261460387905831
10.70407840232205
11.183511360483553
11.399782974599324
11.494581796849241
11.464386391281138
11.13350627708079
11.583551552539749
11.49201059787479
11.398013467543336
11.302111101747943
11.205579649637999
10.928851740249515
10.58398252600043
10.419147999452685
10.249339807530372
10.252719693766982
10.318396159357215
10.01836833439834
9.711455614150314
9.397907739337361
9.016218559663809
9.176622938154278
8.78748450996102
8.451321283390861
8.047262975209339
7.635460473339761
7.277173704828561
7.038918050039978
6.795300735460384
6.908518886498477
6.4728218493005265
6.028471048652229
5.637635981362308
5.366438490601186
4.963372884062133
4.49270714108007
4.075016599721107
3.589725921919132
3.646238011270132
3.2147040554675628
2.776296211705085
2.819060525136265
2.646084275931515
2.4417382886665466
2.123711224487272
1.8003225005169883
1.345723197010823
1.3722960506983166
1.5771546320535608
1.8494074422712483
1.8879480618520157
1.564823348163917
1.2885097723255023
1.5610247274421003
1.7778585645448732
2.0620866305100893
2.2908882335061356
2.6173993703442817
2.680749163136699
3.0146909501299826
3.08577194275671
3.156852935383437
3.2279339280101644
3.2990149206368913
3.370095913263618
3.441176905890346
3.512257898517073
3.854385670225812
3.9332108565405965
4.012036042855382
4.268721578011869
4.592369889836851
4.6831265547259
4.77388321961495
4.864639884504001
4.9553965493930505
5.224570947090943
5.3204252614888174
5.04578212045949
4.829374572187153
5.099104825476205
5.195643229030872
5.292181632585538
5.567199761016176
5.485651976888689
5.099249298777907
5.372498502736754
5.650785135339217
5.394086351372795
5.1838609228122
5.191333082891003
5.044999402878143
4.784086106958871
4.508681184567341
4.780178450039527
4.600281606686925
4.96945418677234
5.253803906339772
5.364773321741973
5.475742737144175
5.85775893162839
5.976472540718649
6.095186149808908
5.905033342167448
6.201367377734774
6.3243211091368705
6.086472418602942
5.896491593791594
6.191092992206138
6.312314086455453
6.612014905580741
6.916753153349642
6.927086426187757
7.238768043837948
7.015136242196402
6.964886515922004
6.977397952951553
7.112394405485401
7.247390858019248
7.020328440090411
6.966646326326805
7.096543358149908
7.135282903086818
6.905887438603426
7.211745172546565
7.253125336303488
6.83846585391454
6.477072364159746
6.838592879766029
6.844939420198782
6.612100100089585
6.186677423048603
5.93169948618448
5.954277316432957
6.2490709851964885
6.611392794155742
6.189910005581337
6.551492110291317
6.919959110290448
6.836558884010513
6.788219596990631
7.1644307906778195
7.547526879654162
7.605524437418627
7.573599713954366
7.966225471197176
7.941185643022069
7.978763180427521
7.921558697895824
7.991735985580979
8.155570137624121
7.957345419204582
7.8681008085028505
8.267418100957089
8.703615196975278
9.147543492827777
8.966552123851036
9.383106283223066
9.286997439475313
9.469830568513975
9.53157880592187
9.40750108007788
9.831000676962868
10.021608626911924
9.964360346451468
9.844558463679492
10.033379167848217
10.400485566259507
10.410201625775118
10.05455570378005
9.878779433811447
9.571260804654882
10.015035610136678
9.708088633517349
9.633998162866442
9.436981312509946
9.516817512912583
9.20289138096604
9.122666432312705
8.740834211425144
8.53903667823892
8.205371029274765
7.991589180088647
7.8237995639663005
7.684933229290384
7.2764284843551605
7.41001729758396
7.721466459654464
7.54984489999799
7.198681892445044
6.779775853849708
6.592872337217485
6.714268622098072
6.61821085602596
6.432397487890617
6.8243932568220425
6.464950406581264
6.098626178526321
5.9987126197080745
6.114979278011026
5.7424183707841046
5.730453097268221
6.019471447574807
6.013787309086402
5.949266217900207
6.245559702309793
6.547079069793833
6.916249689098214
6.775483901284026
6.910609503369633
6.800373883738801
6.574732204855891
6.428815860863498
6.737217875786494
6.562667653242454
6.696097806397403
6.82952795955235
6.962958112707297
7.366980260063111
7.388187414612084
7.225099898289251
7.5455252392463406
7.963350724333221
8.02810498764186
8.00247155381082
8.160089492015263
8.558555653715448
8.236737991230717
8.572867497216796
8.365181235677573
8.277692168993907
8.12986925605478
8.467623616562154
8.631997672904296
8.246533977394359
8.403163840048443
8.738211435511372
8.652864237641074
8.632280060073171
8.48618344406262
8.555425376709612
8.597260310873253
8.640738074684666
8.318137298752687
8.168612776329704
8.5680667073599
8.51565341211103
8.922851536829283
8.724900139908572
8.712123605516354
8.520933252450984
8.686314214168023
8.851695175885064
9.017076137602103
8.812021635959072
8.486192993746895
8.072622610241893
8.098604742959141
7.698156703627645
7.468457188671719
7.51552962639508
7.92732296477241
7.8582826720321535
8.007636240889424
7.794930939284009
7.818097552088211
7.653727342092121
7.550123488627216
7.6032183786856296
7.928529107259097
8.080519752532544
8.232510397805992
8.022567927952927
7.680633358187681
7.637062313076441
7.593491267965196
7.362436286632907
7.282272722564731
7.202576838140696
7.520142004787621
7.446546080821453
7.343734011292541
7.209987199403072
7.0446835196297695
7.096930114551284
7.059318191513122
7.476268429874638
7.808333815651043
7.967079118127429
8.125824420603813
8.163482187737873
8.595059743874682
9.168337072794618
9.128026448478154
9.306355909008458
9.301106223952047
9.170741101294357
9.067971135902859
8.873423109093759
9.226050364701301
9.64648507431659
9.522665755432836
9.616565525505393
9.586358630702046
9.466220349182091
9.470151007525146
9.928317275952367
10.302040482821873
10.74302968498819
11.128786421393558
10.979103983171013
11.093919111884594
10.941740603316195
10.836425193905228
10.7305102902962
10.842349020018018
10.498148103593964
10.207213179804063
9.8483831744028
9.847448205534084
9.658716658828041
9.747958924771302
9.651930104314474
9.651680657404576
10.075472450543964
10.184874310743547
10.124792604484991
9.941015104451617
9.81559747498576
9.449092914174155
9.894278899112612
9.715511797076234
9.40512631998615
9.208020268394147
9.194405190870606
9.002328084929218
8.677925631517667
8.71387822552665
8.563863957626184
8.171728265195409
8.103905344480797
7.89305717534408
7.489865273306824
7.265924244544789
7.088632985088576
7.098647722894613
7.472506805741747
7.306354037508672
7.715900798938994
7.37625420916596
7.300349859272153
7.161121698490083
7.4796624371314415
7.625424551183715
8.042233444318002
8.01322305781135
7.805939097296701
7.583940371105383
7.451731524491013
7.235486451769962
7.066572516456129
7.547650942869189
7.38358374779022
7.344953531259057
7.368820467749657
7.5151724197445535
7.355213704090308
7.679216497847201
8.069580388696437
8.043279489814811
8.109588704064546
8.510544247516227
8.677532945286334
8.355943818250797
8.205703297552843
8.364025142930373
8.213480571576182
8.61191445367517
8.776261895942952
8.940609338210733
8.985002582038208
8.66232211233766
8.332756747347961
8.174724219877952
8.046991085313461
8.19758114478415
8.070302795100808
7.674009102055869
7.456106962368653
7.864972299446858
7.701668634399384
7.725678089536224
8.143219339259367
8.113684860793626
7.958961254258538
8.290807949115475
8.265820949556643
8.303201576107941
8.342493432573828
8.14247544436351
7.810589340375262
8.231547290204219
8.17234462991589
7.968952670964582
7.877158940048778
7.847575963424026
7.4516413312858125
7.349902976615291
7.736745964225403
8.06792024481315
8.134762350720207
8.473741045861223
8.421103865508003
8.339307074095904
8.746326840884434
9.098052149844888
8.787879550699717
9.230450177628
9.650689554282687
9.474909375979657
9.107049475058268
9.550965556739481
9.423154427322414
9.781636143905919
10.237827394331521
9.881019548859312
9.577477696021258
9.445336675561798
9.343155502838602
9.336579694492581
9.025148992163263
8.832831576564923
8.81389446513181
8.730680268875895
8.406494737499626
8.564251876364072
8.96285723872426
8.848999727801152
8.642284371660953
8.804282269519549
8.748499380930285
8.820344485807114
9.256893234123941
8.941311831516945
8.797325258496764
8.871014715507574
8.759300684466522
8.835361380657568
8.45630499431878
8.130386551228158
7.797594220177624
7.762520656070211
7.910902253415256
7.75041743402858
7.68015894652686
8.069511878992266
8.495825150708475
8.350891983915048
8.295275579244285
8.367680705233434
8.16229161935637
8.596371775549065
9.038196125429815
9.12609933572976
8.935913388995138
8.752381825796627
9.196856491432072
9.556508296549532
9.651622310615567
9.351706864857942
9.774582312836776
10.141908647942875
9.847337074943312
9.725472420578889
9.820576991810714
10.28038105232524
10.105471744609705
9.990597728592084
9.633893079055202
9.81928198768234
9.82102975865564
9.69716522282561
9.572725326435785
9.206833199878282
9.561029568141503
9.920319814338088
10.377010205001152
10.208780930834978
10.397511106420747
10.338261939972384
10.15556857903992
9.852821127441596
9.660596327040748
9.589288771094392
9.21599969370547
9.013384155437333
8.995768949238267
8.882675585405542
8.769569227719067
8.385857881977982
8.452773218139106
8.613787209685611
8.464704850637613
8.441051260022773
8.229908190409512
8.627962116811664
8.303726027771251
8.099253270595812
8.251615979038057
8.185992856874535
7.78966258065317
7.56345261374275
7.614198443774228
7.270793947040087
7.409332120546663
7.787611695310819
7.748926856854234
7.64599421553026
7.481156387884306
7.864453490670316
7.892935018094044
7.861291369490181
7.642385712073944
7.969745767471811
8.302187547122301
8.151133226219766
8.21666060023999
8.61687062087385
8.661997284287782
8.611837188500475
8.781725546382638
8.859277776758423
8.93970291058463
8.805631496196623
8.43093723503837
8.867023949912149
8.492301259994736
8.928359546099198
8.85593245994212
8.846291545070224
8.898519528933463
8.7642416248844
9.207954241086792
9.567632989559637
9.932818841093395
9.816745878171718
10.007890057968218
10.016517543496443
9.901363209201142
10.3322767381595
10.529478076480938
10.24034685796558
10.069896020029345
9.947119050607473
9.948116340241423
9.885896006488172
9.854015104017517
9.918239316677088
9.98464094990108
10.052722642208083
10.152657148157376
9.98434858580832
9.624863974773294
9.49652651734917
9.36643317615601
8.995734041374236
9.434820876087082
9.304736248715061
8.933236659577023
8.614598488895936
8.775443120730003
8.630239229724072
8.968548195964901
8.827739901276566
8.68412431824735
8.664286765032
8.581365492858977
8.624005979079241
8.512404954508451
8.316034139249654
8.35456691193715
8.26797469293316
8.670083410359435
8.717411689806
8.577658664479259
8.25765144702738
8.689863165851174
9.037252024156983
9.211260578297564
9.264575134289636
9.3196807076375
9.280272030512982
9.150161453531254
9.080692493838084
8.947961410853468
8.813694594014665
8.438201113318383
8.604510399775076
8.77081968623177
8.846510418501607
8.924706071020616
9.274729567638236
8.902517792719797
8.82441529616988
9.171816249791258
9.52431485292146
9.703493372751646
9.572573792652156
9.62927635723041
9.560607706903447
9.648763555435975
9.739561793990434
9.435456329311206
9.302949211693784
9.20011681379537
9.554343571813044
9.4250901545339
9.356483499636308
9.287627104014492
9.156336700230788
""
""
""
""
""
""
""
""
""
""
""
""
""
""
""
""
""
""
