model	branch_length	rate_mass	mean_rate	probability_mass_null	probability_mass_alternative	refined_shift	likelihood_identity_max_error	refined_exact_null_mean	legacy_exact_null_mean
+I+G4	0.5	1.0	0.99999999997	0.9999999999999998	1.0	-0.01892729783446713	2.4424906541753444e-15	1.3877787807814457e-17	0.2164127073999684
+I+G4	1.0	1.0	0.99999999997	0.9999999999999998	1.0	-0.03785459566893426	1.9984014443252818e-15	1.5265566588595902e-16	0.18312830248088274
+I+G4	2.0	1.0	0.99999999997	0.9999999999999998	0.9999999999999999	-0.07570919133786852	3.3775066077268434e-15	-2.7755575615628914e-17	0.14904029851025008
+I+G4	3.0	1.0	0.99999999997	0.9999999999999998	1.0	-0.11356378700680278	4.285417506966205e-15	-2.7755575615628914e-17	0.1303916919928526
+I+G4	4.0	1.0	0.99999999997	0.9999999999999998	0.9999999999999999	-0.15141838267573704	5.792783787372802e-15	-9.020562075079397e-17	0.11821492174274892
+I+G4	5.0	1.0	0.99999999997	0.9999999999999998	1.0	-0.18927297834467133	6.729209203748532e-15	0.0	0.10943747723899344
+I+G4	7.5	1.0	0.99999999997	0.9999999999999998	1.0	-0.28390946751700696	1.0370719040475596e-14	-2.0816681711721685e-17	0.0949954256221776
+I+G4	10.0	1.0	0.99999999997	0.9999999999999998	1.0	-0.37854595668934266	1.3139500338460453e-14	5.551115123125783e-17	0.08576558436003837
+I+G4	12.5	1.0	0.99999999997	0.9999999999999998	0.9999999999999999	-0.4731824458616783	1.6273115667486682e-14	3.469446951953614e-17	0.07896550272271172
+I+G4	15.0	1.0	0.99999999997	0.9999999999999998	1.0	-0.5678189350340139	1.9728024145933623e-14	1.3877787807814457e-17	0.07351638501030797
+I+G4	17.5	1.0	0.99999999997	0.9999999999999998	1.0	-0.6624554242063495	2.2643274381157694e-14	-2.7755575615628914e-17	0.0689446741752236
+I+G4	20.0	1.0	0.99999999997	0.9999999999999998	1.0	-0.7570919133786853	2.57061285777703e-14	-5.551115123125783e-17	0.06501619582167972
+I+G4	22.5	1.0	0.99999999997	0.9999999999999998	0.9999999999999998	-0.8517284025510209	2.8972653540616095e-14	4.85722573273506e-17	0.06159836756313441
+I+G4	25.0	1.0	0.99999999997	0.9999999999999998	0.9999999999999999	-0.9463648917233566	3.207886396566686e-14	4.163336342344337e-17	0.05860524730403575
+I+G4	30.0	1.0	0.99999999997	0.9999999999999998	1.0	-1.1356378700680279	3.832990020080076e-14	4.163336342344337e-17	0.05365735506125582
+I+G4	35.0	1.0	0.99999999997	0.9999999999999998	1.0	-1.324910848412699	4.4608681847154927e-14	0.0	0.04980902253081649
+I+G4	40.0	1.0	0.99999999997	0.9999999999999998	1.0	-1.5141838267573706	5.092959745340436e-14	2.7755575615628914e-17	0.046804745777860646
+I+G4	45.0	1.0	0.99999999997	0.9999999999999998	1.0	-1.7034568051020418	5.710456758877599e-14	-3.469446951953614e-17	0.04445322904754651
+I+G4	50.0	1.0	0.99999999997	0.9999999999999998	1.0	-1.8927297834467132	6.353399658589817e-14	2.7755575615628914e-17	0.04260834824863492
+I+G4	60.0	1.0	0.99999999997	0.9999999999999998	1.0	-2.2712757401360557	7.602082754531309e-14	1.3877787807814457e-17	0.04001441890116213
+I+G4	75.0	1.0	0.99999999997	0.9999999999999998	1.0	-2.83909467517007	9.48776905869734e-14	-1.3877787807814457e-17	0.03782940850710466
+I+G4	100.0	1.0	0.99999999997	0.9999999999999998	1.0	-3.7854595668934263	1.2647980650520114e-13	2.0816681711721685e-17	0.03631837214568093
+I+G4	150.0	1.0	0.99999999997	0.9999999999999998	0.9999999999999999	-5.67818935034014	1.8935401111787943e-13	1.0408340855860843e-17	0.03563976522511491
+I+G4	200.0	1.0	0.99999999997	0.9999999999999998	1.0	-7.570919133786853	2.518028722428457e-13	1.0408340855860843e-17	0.03555325930394802
+I+G4	500.0	1.0	0.99999999997	0.9999999999999998	1.0000000000000002	-18.92729783446713	6.292462531159907e-13	1.3877787807814457e-17	0.03553906515561068
+I+G4	1000.0	1.0	0.99999999997	0.9999999999999998	1.0	-37.85459566893426	1.2583267761101524e-12	1.0408340855860843e-17	0.03553906499683805
+I+G4	10000.0	1.0	0.99999999997	0.9999999999999998	0.9999999999999998	-378.54595668934263	1.2577383579071011e-11	0.0	0.03553906499683805
+I+R4	0.5	1.0	0.9999999999820001	1.0	1.0	-0.042384114637188226	1.9984014443252818e-15	1.3877787807814457e-17	0.21762512788648977
+I+R4	1.0	1.0	0.9999999999820001	1.0	1.0	-0.08476822927437645	2.6645352591003757e-15	0.0	0.18250740877993105
+I+R4	2.0	1.0	0.9999999999820001	1.0	1.0	-0.1695364585487529	3.9170056087556304e-15	1.249000902703301e-16	0.14592771215082792
+I+R4	3.0	1.0	0.9999999999820001	1.0	1.0	-0.2543046878231293	5.4322865650213714e-15	0.0	0.12559047268318213
+I+R4	4.0	1.0	0.9999999999820001	1.0	1.0	-0.3390729170975058	6.841749389252527e-15	0.0	0.11189286767396761
+I+R4	5.0	1.0	0.9999999999820001	1.0	1.0	-0.4238411463718823	8.21478302048817e-15	6.938893903907228e-18	0.10167107971313688
+I+R4	7.5	1.0	0.9999999999820001	1.0	1.0	-0.6357617195578233	1.2454013514906492e-14	4.163336342344337e-17	0.0838548610745664
+I+R4	10.0	1.0	0.9999999999820001	1.0	1.0	-0.8476822927437646	1.6177502588400616e-14	-1.3877787807814457e-17	0.07182439245763844
+I+R4	12.5	1.0	0.9999999999820001	1.0	1.0	-1.0596028659297057	2.0064150536326653e-14	0.0	0.06307507498907353
+I+R4	15.0	1.0	0.9999999999820001	1.0	1.0	-1.2715234391156467	2.4002772425896213e-14	-6.245004513516506e-17	0.056543767651370286
+I+R4	17.5	1.0	0.9999999999820001	1.0	1.0	-1.483444012301588	2.7711340166991505e-14	4.85722573273506e-17	0.051616078467854425
+I+R4	20.0	1.0	0.9999999999820001	1.0	1.0	-1.6953645854875292	3.1491451698943684e-14	1.3877787807814457e-17	0.04787758698583448
+I+R4	22.5	1.0	0.9999999999820001	1.0	1.0000000000000002	-1.90728515867347	3.538421183661711e-14	-6.938893903907228e-18	0.04503049314215665
+I+R4	25.0	1.0	0.9999999999820001	1.0	1.0	-2.1192057318594113	3.951017030906501e-14	-6.938893903907228e-18	0.04285533866282408
+I+R4	30.0	1.0	0.9999999999820001	1.0	0.9999999999999999	-2.5430468782312934	4.7182095842888527e-14	6.938893903907228e-17	0.039907818355809296
+I+R4	35.0	1.0	0.9999999999820001	1.0	1.0	-2.966888024603176	5.478858808153665e-14	-2.0816681711721685e-17	0.03815806097053204
+I+R4	40.0	1.0	0.9999999999820001	1.0	1.0	-3.3907291709750584	6.23633428426841e-14	6.938893903907228e-18	0.037107798910677656
+I+R4	45.0	1.0	0.9999999999820001	1.0	1.0	-3.81457031734694	7.067226595196307e-14	2.0816681711721685e-17	0.03647067692796391
+I+R4	50.0	1.0	0.9999999999820001	1.0	1.0	-4.238411463718823	7.814755405763092e-14	1.3877787807814457e-17	0.036080300008428434
+I+R4	60.0	1.0	0.9999999999820001	1.0	1.0	-5.086093756462587	9.35023454028247e-14	6.938893903907228e-18	0.03568835395384628
+I+R4	75.0	1.0	0.9999999999820001	1.0	1.0	-6.357617195578234	1.1674275076115857e-13	2.42861286636753e-17	0.03549593131792898
+I+R4	100.0	1.0	0.9999999999820001	1.0	1.0	-8.476822927437645	1.5549213567859534e-13	1.3877787807814457e-17	0.03543528719405914
+I+R4	150.0	1.0	0.9999999999820001	1.0	1.0	-12.715234391156468	2.3328079014796957e-13	-1.3877787807814457e-17	0.03542758921781475
+I+R4	200.0	1.0	0.9999999999820001	1.0	1.0000000000000002	-16.95364585487529	3.108835163933224e-13	2.42861286636753e-17	0.0354274809229049
+I+R4	500.0	1.0	0.9999999999820001	1.0	1.0000000000000002	-42.384114637188226	7.759348719105219e-13	0.0	0.03542747934219112
+I+R4	1000.0	1.0	0.9999999999820001	1.0	0.9999999999999998	-84.76822927437645	1.5513146323087312e-12	1.0408340855860843e-17	0.03542747934219112
+I+R4	10000.0	1.0	0.9999999999820001	1.0	1.0	-847.6822927437645	1.550681805184695e-11	1.0408340855860843e-17	0.03542747934219112
